Nombre,Tipo de Facilidad,Numero de Lic,Dueño o Control,Tipo de Acreditacion/numero,Direccion,Telefono,Pueblo,Numero de Estaciones,Capacidad de Camamas Autorizadas,Capacidad de Camas en Uso
METRO PAVIA @ HOME - ADJUNTAS - 85-06-070,Agencias de salud en el Hogar,47,Privado - Lucrativo - Corporación,Medicare,Calle Rodulfo González #66,Teléfono: 787-829-7710,Pueblo: Adjuntas,,,
"DD HOME CARE SAN FRANCISCO DE ASIS, INC. - AGUADILLA - 03-06-053",Agencias de salud en el Hogar,49,Privado - Lucrativo - Corporación,Medicare,"Carr. PR 111, Km. 0.8 Interior, Bo. Palmar",Teléfono: 787-868-4684,Pueblo: Aguadilla,,,
PROGRAMA DE SALUD EN EL HOGAR MENONITA,Agencias de salud en el Hogar,41,Privado - No Lucrativo-Corporacion,,CALLE JOSE C. VAZQUEZ,Teléfono: (787)954-8001,Pueblo: Aibonito,,,
PROGRAMA DE SERVICIOS DE SALUD EN EL HOGAR SAN LUCAS DE ARECIBO,Agencias de salud en el Hogar,38,Privado - No Lucrativo-Iglesia,Medicare / 40-7309,"Carr. Núm. 2, Km. 81.0.Bo. San Daniel",Teléfono: 878-5819,Pueblo: Arecibo,,,
ARECIBO MEDICAL HOME CARE-ARECIBO -85-06-077,Agencias de salud en el Hogar,18,Privado - No Lucrativo-Corporacion,Medicare ,"Calle Morell Campos Num 57, Urb. Gracia",Teléfono: 879-2955,Pueblo: Arecibo,,,
PROGRAMA DE SERVICIOS DE SALUD EN EL HOGAR DEL NORTE - Programa de Slaud en el Hogar & HOSPICIO - ARECIBO,Agencias de salud en el Hogar,46,Privado - Lucrativo - Corporacion,Medicaid,"653, Km. 2.0 del Sector Barranca, Barrio Hato Abajo",Teléfono: 787 816-6151,Pueblo: Arecibo,,,
NORTHERN INFUSION CSP - HCP (REGION NORTE) - ARECIBO - 05-06-048,Agencias de salud en el Hogar,53,Privado - Lucrativo - Corporacion,Medicare,Calle Luis Gandia #58,Teléfono: 939 644-0101,Pueblo: Arecibo,,,
PROGRAMA SALUD EN EL HOGAR LA MONTAÑA - BARRANQUITAS - 89-06-315,Agencias de salud en el Hogar,7,Privado - No Lucrativo - Corporacion, Medicare / 40-7008,"Carr. PR-156, Km. 16.3, Calle Barcelo 53",Teléfono: 787-869-5500,Pueblo: Barranquitas,,,
PROGRAMA DE SERVICIOS DE SALUD EN EL HOGAR SAN LUCAS DE BAYAMON,Agencias de salud en el Hogar,30,Privado - No Lucrativo - Iglesia,Medicare,"Royal Club ConventionCenter, 2do piso, Ave. Comerio, Carr. 167",Teléfono: 743-4814,Pueblo: Bayamon,,,
"ASOCIACION DE ENFERMERIA VISITANTE GREGORIA AUFFANT, INC-BAYAMON",Agencias de salud en el Hogar,45,Privado - No Lucrativo - Corporacion,Medicare,Calos Andalux X 48 Lomas Verdes,Teléfono: 787 780-4010,Pueblo: Bayamon,,,
"SPS SPECIALTY PHARMACY SERVICES, INC.",Agencias de salud en el Hogar,26,Privado - Lucrativo - Corporación,Medicare,Urbanización Caguax C-7Avenida Luis Muñoz Marín,Teléfono: 787-704-2025,Pueblo: Caguas,,,
ATENCION MEDICA EN EL HOGAR - CAGUAS - 89-06-124,Agencias de salud en el Hogar,6,Privado - No Lucrativo - Corporacion,Medicare,"Villa Turabo, Calle Ciprés K1 - A,",Teléfono: 787-743-1121,Pueblo: Caguas,,,
PROGRAMA DE SERVICIOS DE SALUD EN EL HOGAR SAN LUCAS DE CAGUAS,Agencias de salud en el Hogar,33,Privado - No Lucrativo - Iglesia,Medicare / 40-7311,"Calle E, Zona Industrial Villa Blanca",Teléfono: 787-743-4814,Pueblo: Caguas,,,
SERVICIOS DE SALUD EN EL HOGAR EL NAZARENO (SUB-UNIDAD DE FAJARDO) - FAJARDO - 78-06-269,Agencias de salud en el Hogar,11,Privado - Lucrativo - Corporación,Medicare,"East Medical & Professional Center, Carr. Núm. 3, Km. 19.9",Teléfono: 787-863-0656,Pueblo: Canóvanas,,,
ESTANCIA HOME CARE AN AMEDISYS COMPANY - CAROLINA - 03-06-061,Agencias de salud en el Hogar,50,Privado - Lucrativo - Corporación,Medicare,"Ave. Sánchez Osorio, Esquina Parque Florido 5X37",Teléfono: 787-762-0889,Pueblo: Carolina,,,
Advanced Home Care Services West - Región Noreste 12-06-020,Agencias de salud en el Hogar,40,Privado - Lucrativo - Corporación,,"Carr. 869, Urb. Palmas ndustrial Park, Calle 19, Bo. Palmas",,Pueblo: Cataño,,,
ADVANCED INFUSION SERVICES,Agencias de salud en el Hogar,25,Privado - Lucrativo - Corporación,,Carr. 869 calle 19 Km 2.0 Solar 1 Urb Palmas Industrial Park,Teléfono:787-783-2245,Pueblo: Cataño,,,
"AMERICARE HOMEHEALTH SERVICES, INC.",Agencias de salud en el Hogar,15,Privado - Lucrativo - Corporación,Medicare,Ave. Lauro Piñero #257 2do. piso,Teléfono: 787-885-2777,Pueblo: Ceiba,,,
SERVICIOS DE SALUD EN EL HOGAR HOSPICIO - COROZAL - 96-06-017,Agencias de salud en el Hogar,2,Privado - No Lucrativo - Corporación,"Medicare, Medicaid, JCAHO","Carr.159, km 18.8 - Bo. Mavilla",Teléfono: 787-859-5755,Pueblo: Corozal,,,
"OPTIMA INFUSION PHARMACY, INC.",Agencias de salud en el Hogar,29,Privado - Lucrativo - Corporación,Medicare,Carr. #2 Bo. Espinosa Km 26.2,Teléfono:787-883-5959,Pueblo: Dorado,,,
"ANGELES VISITANTES,INC",Agencias de salud en el Hogar,19,Privado - Lucrativo - Corporación,Medicare,"Comercio Plaza Carr. Estatal 54, Int. PR #3",,Pueblo: Guayama,,,
M-CARE COMPOUNDING PHARMACY,Agencias de salud en el Hogar,34,Privado - Lucrativo - Corporación,"Medicare, Medicaid",Ave. Esmeralda 198,Teléfono: 787-790-0680,Pueblo: Guaynabo,,,
NOVA INFUSION,Agencias de salud en el Hogar,28,Privado - No Lucrativo - Corporacion,,"Ave. Las Cumbres, Carr PR 199 Esq Camino Alejandrino",Teléfono: 787-720-1000,Pueblo: Guaynabo,,,
METRO PAVIA @ HOME - GUAYNABO - 89-06-132,Agencias de salud en el Hogar,12,Privado - No Lucrativo - Corporacion,Medicare ,"Calle Union Num 5, Piedras Blancas, Bo Frailes",Teléfono: 787-720-9351,Pueblo: Guaynabo,,,
WOMEN & PRENATAL CARE OF PUERTO RICO INC.,Agencias de salud en el Hogar,4,Privado - Lucrativo - Corporación,,DEL PARQUE ST. 607 A,Teléfono: (787)982-0088,Pueblo: San Juan,,,
HUELLITAS DE AMOR PEDIATRIC HOME CARE - REGION ESTE - 01-06-121,Agencias de salud en el Hogar,48,Privado - Lucrativo - Corporación,,"Carr. 189 K6.4, Marina Plaza Local #17",Teléfono: 787-633-5163,Pueblo: Gurabo,,,
"CONDADO HOME CARE PROGRAM, INC. - Región Noreste y Metropolitana 94-06-135",Agencias de salud en el Hogar,10,Privado - Lucrativo - Corporación,Medicare / 40-7011,"Urb. Floral Park 186, Calle Duarte",Teléfono: 787-758-8180,Pueblo: San Juan,,,
"ASOCIACION DE ENFERMERIA VISITANTE GREGORIA AUFFANT, INC A-89-06-072 HATO REY",Agencias de salud en el Hogar,31,Privado - No Lucrativo - Corporacion,Medicare,"Ave. Eleanor Roosevelt Num 114, 2do. Piso San Juan PR 00918-3105",Teléfono: 787-759-7036,Pueblo: San Juan,,,
SALUD FAMILIAR EN EL HOGAR - HOME CARE- HATO REY - 93-06-083,Agencias de salud en el Hogar,20,Privado - No Lucrativo - Corporacion,Medicare,Calle Alverio Num 363,Teléfono: 787-777-3010,Pueblo: San Juan,,,
SERVICIOS DE SALUD EN EL HOGAR DEL HOSPITAL RYDER - HUMACAO - 78-06-188,Agencias de salud en el Hogar,5,Privado - No Lucrativo - Comunidad,"Medicare, JCAHO",Hospital Ryder Memorial,Teléfono: 787-852-2869,Pueblo: Humacao,,,
METRO PAVIA @ HOME - HUMACAO -85-06-046,Agencias de salud en el Hogar,14,Privado - Lucrativo  - Corporacion,"Medicare, Medicaid","Carr. 924, km 1.7, Bo Collores Sector Pitahaya",Teléfono: 787-852-3785,Pueblo: Humacao,,,
"SERVICIOS DE SALUD EN EL HOGAR LUZ DE ESPERANZA, INC. MANATI 98-06-023",Agencias de salud en el Hogar,1,Privado - Lucrativo - Corporación,"Medicare, Medicaid","Calle Félix Córdova Dávila Núm. 13,",Teléfono: 787-884-2857,Pueblo: Manatí,,,
"PROGRAMA DE SERVICIOS DE LA CORPORACION DE LAS VEGAS, INC. - MANATI - 78-06-194",Agencias de salud en el Hogar,13,Privado - Lucrativo - Corporación,"Medicare, JCAHO","Carr. Estatal Núm. 2, Km. 46.4, Bo. Campo Alegre",Teléfono: 787-854-1426,Pueblo: Manatí,,,
FIRST HOME CARE CENTER - MAYAGUEZ -84-06-122,Agencias de salud en el Hogar,16,Privado - No Lucrativo - Corporacion,"Medicare, Medicaid",Calle McKinley 96-Oeste,Teléfono: 787-834-2295,Pueblo: Mayagüez,,,
PROG. SALUD EN EL HOGAR SAN LUCAS MAYAGUEZ,Agencias de salud en el Hogar,43,Privado - No Lucrativo - iglesia,Medicare,Calle Mendez Vigo *98 Oeste,Teléfono: 787-833-8181,Pueblo: Mayagüez,,,
PROGRAMA DE SALUD EN EL HOGAR CUIDADO CASERO-MAYAGUEZ,Agencias de salud en el Hogar,36,Privado - Lucrativo - Corporación,"Medicare, Medicaid","Medical Center Plaza, Oficina 305, 306 y 308",Teléfono: 787-833-1985,Pueblo: Mayagüez,,,
SERVICIOS DE SALUD EN EL HOGAR HOSPITAL DR. PILA - PONCE - 80-06-664,Agencias de salud en el Hogar,3,Privado - Lucrativo - Corporación,"Medicare, Medicaid, JCAHO",Ave. Las Américas,,Pueblo: Ponce,,,
CMS Home Care Sur - PONCE - 09-06-026,Agencias de salud en el Hogar,0,Privado - Lucrativo - Corporación,,"Calle 2, Solar 25, Parque Industrial Sabanetas, Carr. 578, K",,Pueblo: Ponce,,,
IV HOME THERAPY - 99-06-050 - PONCE,Agencias de salud en el Hogar,51,Privado - Lucrativo - Corporación,Medicare,Calle Villa 152 - A,Teléfono: 787-842-6652,Pueblo: Ponce,,,
SERVICIOS DE SALUD EN EL HOGAR Y HOSPICIO SAN LUCAS (REGION SUR) - PONCE - 79-06-459,Agencias de salud en el Hogar,22,Privado - No Lucrativo- Iglesia,Medicare / 40-7002,"Edificio A, Piso 4 - Núm.917, Avenida Tito CastroHospital San Lucas II",Teléfono:,Pueblo: Ponce,,,
PROGRAMA DE SERVICIOS DE SALUD EN EL HOGAR HOSPITAL DAMAS - 77-06-019 -,Agencias de salud en el Hogar,9,Privado - No Lucrativo - Corporacion,Medicare / 40-7010,Calle Monterrey 286,Teléfono: (787) 840-8095,Pueblo: Ponce,,,
ANGELES DIVINOS HOME HEALTH CARE SERVICES - QUEBRADILLAS - 06-06-089,Agencias de salud en el Hogar,23,Privado - Lucrativo - Corporación,Medicare,"Carretera 2, Km. 102.2, Sector Camino Juan GonzálezBarrio Pueblo",Teléfono: 787-895-3665,Pueblo: Quebradillas,,,
ISLAND INFUSSION PHARMACY,Agencias de salud en el Hogar,27,Privado - Lucrativo - Corporación,"Medicare, JCAHO",Calle Arzuaga Num 108 Altos,Teléfono: 787-756-6959,Pueblo: San Juan,,,
ASOCIACION DE ENFERMERIA VISITANTE GREGORIA AUFFAN,Agencias de salud en el Hogar,44,Privado - No Lucrativo - Corporación,Medicare / 40-7326,Ave. Campo Rico Núm. 784 Country Club,Teléfono: 787-762-7666,Pueblo: San Juan,,,
PEDIATRIC HOME CARE SERVICES - GUAYNABO - 97-06-137,Agencias de salud en el Hogar,52,Privado - Lucrativo - Corporación,,"Calle Bori 1502, Urb. Antonsantti",,Pueblo: San Juan,,,
Home Health La Monserrate - Región Oeste 11-06-116,Agencias de salud en el Hogar,39,Privado - Lucrativo - Corporación,,"#100, Calle 5 de diciembre, Bo. Pueblo",,Pueblo: Sabana Grande,,,
Special Care Pharmacy Services Inc.,Agencias de salud en el Hogar,35,Privado - Lucrativo - Corporación,,Ave. Americo Miranda # 1210 Reparto Metropolitano,Teléfono: (787)783-8579,Pueblo: San Juan,,,
METRO PAVIA @ HOME - HATO REY - 8506-108,Agencias de salud en el Hogar,8,Privado - Lucrativo - Corporación,"Medicare, Medicaid, Salud 101","Ave. De Diego #580, Puerto Nuevo",Teléfono: 787-775-2325,Pueblo: San Juan,,,
"BEST OPTION HEALTCARE PUERTO RICO, INC. - SAN JUAN - 86-06-062",Agencias de salud en el Hogar,24,Privado - Lucrativo - Corporación,Medicaid,"Ave. De Diego Núm. 359, Suite 201",Teléfono: 787-282-0939,Pueblo: San Juan,,,
PROGRAMA DE SERVICIOS DE SALUD EN EL HOGAR SAN LUCAS DE TRUJILLO ALTO,Agencias de salud en el Hogar,32,Privado - No Lucrativo - Iglesia,Medicare / 40-7310,"Western Auto Plaza,Carr. 181, Km. 3.6, Bo Las Cuevas",Teléfono: 761-8315,Pueblo: Trujillo Alto,,,
NUEVA VIDA DE LA SALUD HOME CARE,Agencias de salud en el Hogar,37,Privado - Lucrativo - Corporacion,,CARR. 693 KM.14.3SECTOR BRENAS,Teléfono: (787)361-0357,Pueblo: Vega Alta,,,
SALUD EN EL HOGAR DEL CARIBE - Región Metropolitana - 91-06-096,Agencias de salud en el Hogar,21,Privado - No Lucrativo- Corporación,Medicare,Calle Benítez Castaño Núm. 20,Teléfono: 787-741-2061,Pueblo: Vieques,,,
"RAIBOW HOME, INC.",Casa de Salud,6,Privado - Lucrativo- Corporación,,Urb. Monte VistaCalle Igualdad C-2,Teléfono: (787) 860-8444,Pueblo: Fajardo,,,
"SNF CASA DE SALUD HOSP. RYDER MEMORIAL , INC.",Casa de Salud,2,Privado - No Lucrativo- Corporación,Medicare / 40-5018,AVE. FONT MARTELO NUM. 317,Teléfono: 787-852-0768,Pueblo: Humacao,,,
ST JUDE NURSING HOME CASA DE SALUD - RIO PIEDRAS,Casa de Salud,4,Privado - Lucrativo - Corporación,,"José Abad 1214, Urb. Club Manor",Teléfono: 787-776-3013,Pueblo: San Juan,,,
THE MILLENIUM INST. ADVANCED NURSING,Casa de Salud,5,Privado - Lucrativo - Corporación,Medicare / 40-5028,"CALLE SAN COSME , REPARTO SANLUCAS , BO. CAIMITO",Teléfono: 787-708-0138,Pueblo: San Juan,,,
CASA DE SALUD SIERVAS DE MARIA DE SAN JUAN - SAN JUAN - 03-09-289,Casa de Salud,3,Privado - No Lucrativo- Asociación,,"Calle Fortaleza Núm. 1,",Teléfono: 787-724-2228,Pueblo: San Juan,,,
CENTRO DE SALUD CONDUCTUAL MENONITA - CIMA - AIBONITO - 01-04-116,Centro Comunales de Salud Mental,6,Privado - Lucrativo -Corporación,"Medicare, JOINT COMMISION","Carr. Estatal 14 Interior, Calle Sargento Gerardo Santiago",Teléfono: 787-735-6102,Pueblo: Aibonito,,,
CENTRO DE SALUD MENTAL DE ARECIBO- ARECIBO - 94-10-048,Centro Comunales de Salud Mental,1,Gobierno Estatal,"APS PLAN DE SALUD MENTAL DE LA REFORMA, APS- PLAN DE SALUD MENTAL DE LA REFORMA","Antiguo Hospital de Distrito de AreciboAve. San Luis , Carr. PR-129, Piso 3",Teléfono: 787-878-3552,Pueblo: Arecibo,,,
CENTRO SALUD MENTAL BAYAMON,Centro Comunales de Salud Mental,3,Gobierno Estatal,,"HOSPITAL REGIONAL RAMON RUIZARNAU, AVE. LAUREL STA JUANITA",Teléfono: 787-787-0224,Pueblo: Bayamón,,,
CENTRO SITA DE MAYAGUEZ,Centro Comunales de Salud Mental,2,Gobierno Estatal,Medicare,"Carretera 2, Km. 57, Bo. Sábalos",Teléfono: 787-831-2095,Pueblo: Mayagüez,,,
CENTRO DE SALUD MENTAL DE SAN PATRICIO - RIO PIEDRAS - 93-10-063,Centro Comunales de Salud Mental,5,Gobierno Estatal,,"Antiguo Hospital de Veteranos, Ave. De Diego, Puerto Nuevo",Teléfono: 787-793-1828,Pueblo: San Juan,,,
AGUADA MEDICAL CENTER,Centro de Diagnóstico y Tratamiento,28,Privado - Lucrativo - Corporación,Medicare Medicaid,CARR. 115 KM. 24.5BO. ASOMANTE,Teléfono: (787) 589-7400,Pueblo: Aguada,,,
CORPORACION DEL FONDO DEL SEGURO DEL ESTADO - AGUADILLA - 90-04-110,Centro de Diagnóstico y Tratamiento,23,Gobierno Estatal - No Lucrativo - Corporación,,"Carr. 2, Km. 126.4, Bo. Caimital,",Teléfono: 787-891-0805,Pueblo: Aguadilla,,,
"RAMEY MEDICAL GROUP, C.S.P. - AGUADILLA - 08-04-038",Centro de Diagnóstico y Tratamiento,68,Gobierno Estatal - Lucrativo - Corporación,,"Carr. #110, Km. 9.4, Bo. Malesa Alta,",Teléfono: 787-484-7228,Pueblo: Aguadilla,,,
AGUADILLA MEDICAL SERVICES - AGUADILLA - 84-04-054,Centro de Diagnóstico y Tratamiento,22,Privado - Lucrativo - Corporación,,"Carr. Núm. 2, Km. 129, Hm. 7, Bo. Victoria,",Teléfono: 787-882-7555,Pueblo: Aguadilla,,,
CENTRO DE DIAGNOSTICO Y TRATAMIENTO DE AGUAS BUENAS,Centro de Diagnóstico y Tratamiento,29,Privado - No Lucrativo- Corporación,Medicaid,CALLE MUÑOZ RIVERA FINAL,Teléfono: 787-732-0145,Pueblo: Aguas Buenas,,,
CENTRO DE DIAGNOSTICO Y TRATAMIENTO AñASCO,Centro de Diagnóstico y Tratamiento,32,Gobierno Municipal - Lucrativo -Corporación,,Carr. 402 Km. 1.8Bo. Marías,Teléfono: 787-826-8082,Pueblo: Añasco,,,
CDT DOCTORS' CENTER ARECIBO - ARECIBO - 82-04-450,Centro de Diagnóstico y Tratamiento,39,Privado - Lucrativo - Corporación,,"Carr. PR-2, Km. 80.1, Bo. San Daniel,",Teléfono: 878-0000,Pueblo: Arecibo,,,
METRO PAVIA CLINIC- ARECIBO -95-04-061,Centro de Diagnóstico y Tratamiento,41,Privado - Lucrativo -Corporación,,"Carr. 129, Ext. Bo. Victor Rojas IISector Industrial",Teléfono: 787-762-5970,Pueblo: Arecibo,,,
CDT DR. JOSE A. MARRERO NIEVES-90-04-166 - ARECIBO (Tiene otro file nuevo),Centro de Diagnóstico y Tratamiento,137,Privado - Lucrativo - Individual,Medicare,CALLE 4 NUM 53 Y 54URB. ARECIBO GARDENS 00612,Teléfono: 878-5534,Pueblo: Arecibo,,,
CDT DE VILLA LOS SANTOS - ARECIBO - 81-04-052,Centro de Diagnóstico y Tratamiento,115,Privado - Lucrativo - Corporación,,"Calle 16 V-1, Villa Los Santos,",Teléfono: 787-878-0000,Pueblo: Arecibo,,,
CORP. FONDO SEGURO ESTADO - ARECIBO - 89-04-105,Centro de Diagnóstico y Tratamiento,125,Gobierno Estatal,,Carr. #2 Ave. Miramar km. 78.7,Teléfono: 787-878-5757,Pueblo: Arecibo,,,
CDT POLICLINICA FAMILIAR FACTOR - ARECIBO - 91-04-044,Centro de Diagnóstico y Tratamiento,136,Privado - Lucrativo - Corporación,,"Carr. 2, Km. 65.6, Bo. Factor I",Teléfono: 787-881-9788,Pueblo: Arecibo,,,
CENTRO DE DIAGNOSTICO Y TRATAMIENTO - POLICLINICA SAN PEDRO - ARROYO - 99-04-039,Centro de Diagnóstico y Tratamiento,12,Privado - Lucrativo - Corporación,Medicaid,Calle Morse #211,Teléfono: 787-839-3980,Pueblo: Arroyo,,,
CENTRO DE SALUD FAMILIAR DR. JULIO PARMIERI FERRI - ARROYO - 91-04-169,Centro de Diagnóstico y Tratamiento,72,Privado - No Lucrativo - Corporación,Medicare,Calle Morse Esqina Valentina,Teléfono: 787-721-4050,Pueblo: Arroyo,,,
CDT TMG MEDICAL GROUP C.S.P. - BARCELONETA - 83-04-050,Centro de Diagnóstico y Tratamiento,85,Privado - Lucrativo - Corporación,,"Calle Tomás Dávila Núm. 1,",Teléfono: 787-846-4412,Pueblo: Barceloneta,,,
"ATLANTIC MEDICAL CENTER, INC. - BARCELONETA - 99-04-144",Centro de Diagnóstico y Tratamiento,79,Privado - No Lucrativo - Corporación,,"Carr. 2, km. 57.8, Sector Cruze Dávila",Teléfono: 787-846-4412,Pueblo: Barceloneta,,,
CENTRO DE SALUD INTEGRAL EN BARRANQUITAS - BARRANQUITAS - 90-04-184,Centro de Diagnóstico y Tratamiento,127,Privado - No Lucrativo- Corporación,Medicare,Calle Barceló Núm.53 Carr. 156,Teléfono: (787)869-5900,Pueblo: Barranquitas,,,
BAYAMON HEALTH CENTER DR. JOSE RAMON SELVA - BAYAMON - 96-04-002,Centro de Diagnóstico y Tratamiento,16,Privado - No Lucrativo- Corporación,Medicare,"Calle Manuel F. Rossy, Esq. Isabel II",Teléfono: 787-995-1900,Pueblo: Bayamon,,,
CORPORACIÓN FONDO SEGURO ESTADO,Centro de Diagnóstico y Tratamiento,126,Gobierno Estatal,,"Carr. Estatal Núm. 2, Km. 8.5, Bo. Juan Sanchez",Teléfono: 787-782-8250,Pueblo: Bayamon,,,
"CDT BELLA VISTA HEALTH CENTER, CSP -BAYAMON - 08-04-087",Centro de Diagnóstico y Tratamiento,91,Privado - Lucrativo - Corporación,,"Urb. Bella Vista, Marginal 167, AD-10",Teléfono: 787-637-2295,Pueblo: Bayamon,,,
CENTRO DE SERVICIOS MEDICOS INTEGRADOS - CDT - BAYAMON - 99-04-046,Centro de Diagnóstico y Tratamiento,92,Privado - Lucrativo - Corporación,,Calle Santa Cruz #59,Teléfono: 787-778-2100,Pueblo: Bayamon,,,
METRO PAVIA CLINIC BAYAMON -99-04-029,Centro de Diagnóstico y Tratamiento,77,Privado - Lucrativo -Corporación,"Medicare, Medicaid, JCAHO",Calle García Núm. 8 y 9,Teléfono: 787-780-6536,Pueblo: Bayamon,,,
"CDT G.M.S.P., INC. - BAYAMON - 99-04-007",Centro de Diagnóstico y Tratamiento,94,Privado - Lucrativo -Corporación,,Calle Santa Cruz B-7,Teléfono: 787-787-6804,Pueblo: Bayamon,,,
CENTRO DE DIAGNOSTICO Y TRATAMIENTO METROPOLITANO DE CABO ROJO - CABO ROJO,Centro de Diagnóstico y Tratamiento,13,Gobierno Estatal - Lucrativo - Corporación,,Calle Muños Rivera #108,Teléfono: 787-762-5970,Pueblo: Cabo Rojo,,,
CENTRO AMBULATORIO HIMA SAN PABLO CAGUAS - CAGUAS - 87-12-087,Centro de Diagnóstico y Tratamiento,108,Privado - Lucrativo - Corporación,"Medicare, JCAHO, DEPARTAMENTO DE SALUD",Muñoz Rivera 1-A,Teléfono: 787-704-3434,Pueblo: Caguas,,,
CDT ATENCION MEDICA INMEDIATA -CAGUAS - 97-04-067,Centro de Diagnóstico y Tratamiento,1,Gobierno Municipal -Lucrativo -Corporación,,"Calle Troche #2, Bo. Pueblo",Teléfono: (787) 286-6060,Pueblo: Caguas,,,
CORPORACION DEL FONDO DEL SEGURO DEL ESTADO - DISPENSARIO REGIONAL DE CAGUAS - CAGUAS - 89-04-104,Centro de Diagnóstico y Tratamiento,117,Gobierno Estatal - No Lucrativo - Corporación,,Ave.. Muñoz Marín (al lado Urb. Santa Juana y Res.Villa Blanca).,Teléfono: 787-746-2010,Pueblo: Caguas,,,
"CAMUY HEALTH SERVICES, INC. - CAMUY 93-04-019",Centro de Diagnóstico y Tratamiento,33,Privado - No Lucrativo- Corporación,Medicare,Ave. Muñoz Rivera Núm. 63,Teléfono: 787-262-1045,Pueblo: Camuy,,,
CENTRO DE DIAGNOSTICO Y TRATAMIENTO DE CANOVANAS - CANOVANAS - 89-04-148,Centro de Diagnóstico y Tratamiento,69,Gobierno Municipal,,"Calle Corchado Final,",Teléfono: 787-887-3394,Pueblo: Canóvanas,,,
POLICLINICA DR. SALVADOR RIBOT RUIZ- CAROLINA - 01-04-152,Centro de Diagnóstico y Tratamiento,141,Privado - Lucrativo - Corporación,"BOTIQUIN 15-B-0233, CERT. SALUD CS-13-039, PRODUCTOS BIOLOGICOS 4465-13","RD 857, Km. 0 Hm. 4, Bo. Canovanilla,",Teléfono: 787-776-3840,Pueblo: Carolina,,,
CORPORACION FONDO SEGURO ESTADO CDT REGIONAL DE CAROLINA - CAROLINA - 90-04-073,Centro de Diagnóstico y Tratamiento,111,Gobierno Estatal - No Lucrativo - Corporación,,"Carr. PR 3, Bo. San Antón, Sector Comunidad Escorial,",Teléfono: 787-757-6850,Pueblo: Carolina,,,
CENTRO DE DIAGNOSTICO Y TRATAMIENTO METROPOLITAN COMMUNITY CLINIC - CAROLINA - 04-150,Centro de Diagnóstico y Tratamiento,52,Privado - Lucrativo - Corporación,,"Carr. PR #3 - Km. 13.4 - Intersección Carr. PR 857,",,Pueblo: Carolina,,,
CENTRO DE DIAGNOSTICO Y TRATAMIENTO DOCTORES VILLALOBOS -CAROLINA - 83-04-194,Centro de Diagnóstico y Tratamiento,88,Gobierno Municipal - Lucrativo - Corporación,"Medicare, Medicaid","Ave. Manuel Fernández Juncos, Esq. Molinillo",Teléfono: 787-768-1365,Pueblo: Carolina,,,
CENTRO DE DIAGNOSTICO Y TRATAMIENTO EULALIA KUILAN - CATAÑO - 90-04-192,Centro de Diagnóstico y Tratamiento,34,Gobierno Municipal,,"Carretera PR 5, Km. 2.8",Teléfono: 787 788-0404,Pueblo: Cataño,,,
CENTRO DE DIAGNOSTICO Y TRATAMIENTO DE CAYEY - CAYEY - 91-04-075,Centro de Diagnóstico y Tratamiento,30,Gobierno Municipal,,"Calle Luis Barreras Núm. 174,",Teléfono: 787 738-3011,Pueblo: Cayey,,,
CORPORACION DEL FONDO SEGURO DEL ESTADO - CDT - CAYEY - 93-04-106,Centro de Diagnóstico y Tratamiento,65,Gobierno Estatal,,"Edificio1, Carr. 14, Km. 723, Bo. Montellano,",Teléfono: 787-738-4687,Pueblo: Cayey,,,
CIALES PRIMARY HEALTH CARE SERVICES - CIALES - 93-04-125,Centro de Diagnóstico y Tratamiento,36,Privado - No Lucrativo- Corporación,JCAHO,"Carr. 149, Km. 12, Hm. 3",Teléfono: 787-871-0601,Pueblo: Cayey,,,
"CLINICAS DE CUIDADO MÉDICO, INC. -CIALES - 99-04-039",Centro de Diagnóstico y Tratamiento,84,Privado - Lucrativo- Corporación,,"Calle Hospital 4,",Teléfono: 787-871-1098,Pueblo: Ciales,,,
CENTRO DE MEDICINA ESPECIALIZADA - CIDRA - 88-04-108,Centro de Diagnóstico y Tratamiento,122,Privado - Lucrativo - Corporación,,"Calle Barceló #11, Esq. Carretera 173,",Teléfono: 787-739-4340,Pueblo: Cidra,,,
CENTRO DE SALUD FAMILIAR DR. LUIS ARAMBURU - CIDRA - 86-04-152,Centro de Diagnóstico y Tratamiento,135,Privado -No  Lucrativo - Corporación,"Medicare, Medicaid, JCAHO","Ave. El Jíbaro, Bo. Bayamón",Teléfono: 787-739-6341,Pueblo: Cidra,,,
CENTRO DE DIAGNOSTICO Y TRATAMIENTO DE COAMO - COAMO - 88-04-270,Centro de Diagnóstico y Tratamiento,89,Gobierno Estatal - Lucrativo - Corporación,Medicare,"Ave. Luis Muñoz Marín, Carr. 138",Teléfono: 787-843-9263,Pueblo: Coamo,,,
COMERIO MEDICAL CENTER - COMERIO - 96-04-218,Centro de Diagnóstico y Tratamiento,96,Gobierno Municipal,,Carretera Estatal #778 Km. 0.9,Teléfono: 787-875-3136,Pueblo: Comerío,,,
CENTRO DE SALUD INTEGRAL EN COMERIO - COMERIO - 87-04-218,Centro de Diagnóstico y Tratamiento,38,Privado - No Lucrativo- Corporación,,Carr. 167 Calle Georgetti Núm. 18,Teléfono: 787-875-3375,Pueblo: Comerío,,,
CORPORACION FONDO DEL SEGURO DEL ESTADO - COROZAL - 96-04-044,Centro de Diagnóstico y Tratamiento,100,Gobierno Estatal,,Dispensario Intermedio de Corozal- Región de Bayamón,Teléfono: 787-859-0200,Pueblo: Corozal,,,
"CDT Plaza del Carmen Medical Services, Inc.",Centro de Diagnóstico y Tratamiento,109,Privado - Lucrativo -Corporación,,"Carretera 891, Km. 13.0, Barrio Pueblo",,Pueblo: Corozal,,,
CENTRO DE SALUD COMUNAL DE CULEBRA - CULEBRA - 93-04-022,Centro de Diagnóstico y Tratamiento,73,Gobierno Estatal,,Calle William Font,Teléfono: 787-742-3511,Pueblo: Culebra,,,
DORADO COMMUNITY HEALTH -DORADO - 93-04-039,Centro de Diagnóstico y Tratamiento,40,Gobierno Estatal-Lucrativo -Corporación,,Bo. Mameyal 698,Teléfono: 787-769-1575,Pueblo: Dorado,,,
CDT DORADO MEDICAL COMPLEX - DORADO - 98-04-067,Centro de Diagnóstico y Tratamiento,35,Privado - Lucrativo - Corporación,"Medicare, Medicaid","Calle Mendez Vigo 349, Suite 10",Teléfono: (787) 278-1656,Pueblo: Dorado,,,
DISPENSARIO MEDICO INTERMEDIO DE FAJARDO CORPORACION DEL FONDO DEL SEGURO DEL ESTADO - FAJARDO -99-04-053,Centro de Diagnóstico y Tratamiento,103,Gobierno Estatal,,"Ave. Marcelito Gotay, Carr. 195, Km. 2",Teléfono: 787-801-5959,Pueblo: Fajardo,,,
"CENTRO DE SERVICIOS PRIMARIOS DE SALUD, INC. - FLORIDA - 99-04-037",Centro de Diagnóstico y Tratamiento,114,Privado - No Lucrativo- Corporación,Medicare,"Calle Antonio L. Alcazar 3,",Teléfono: 787-822-3721,Pueblo: Florida,,,
POLICLINICA FAMILIAR FLORIDA - CDT -,Centro de Diagnóstico y Tratamiento,107,Privado - Lucrativo -Corporación,,"Arizmendi Núm. 72,",Teléfono: 787-822-3446,Pueblo: Florida,,,
CENTRO DE SERVICIOS DE SALUD JUAN SANTIAGO DE GUANICA - GUANICA - 88-04-273,Centro de Diagnóstico y Tratamiento,26,Gobierno Municipal - Lucrativo - Individual,,"Ramal 1116,",Teléfono: 787-821-2777,Pueblo: Guánica,,,
CORPORACION DEL FONDO DEL SEGURO DEL ESTADO - GUAYAMA - 90-04-102,Centro de Diagnóstico y Tratamiento,87,Gobierno Estatal,,"Ave. Pedro Albizu Campos, Km. 3, Hm. 0, Desvío Sur,",Teléfono: 787-867-2959,Pueblo: Guánica,,,
"CDT GUAYANILLA ""ISAIAS RODRIGUEZ LOPEZ"" - GUAYANILLA - 91-04-172",Centro de Diagnóstico y Tratamiento,71,Gobierno Municipal,,Calle José De Diego 13,Teléfono: 787-835-2880,Pueblo: Guayanilla,,,
CENTRO DE DIAGNOSTICO Y TRATAMIENTO GUAYNABO MEDICAL MALL - GUAYNABO - 94-04-093,Centro de Diagnóstico y Tratamiento,3,Gobierno Municipal,,"Ave. Las Cumbres 140,",Teléfono: 787-720-6834,Pueblo: Guaynabo,,,
CENTRO DE DIAGNOSTICO Y TRATAMIENTO EN HATO NUEVO - GUAYNABO - 94-04-158,Centro de Diagnóstico y Tratamiento,57,Gobierno Municipal,,"Carr. num 834, Km. 1.3, Barrio Hato Nuevo",Teléfono: 787-731-5353,Pueblo: Guaynabo,,,
NeoMed Center - Gurabo - 78-04-321,Centro de Diagnóstico y Tratamiento,42,Privado - No Lucrativo- Corporación,Medicare Medicaid,"Carretera PR-941, Km. 0.3",,Pueblo: Gurabo,,,
CENTRO DE DIAGNOSTICO Y TRATAMIENTO METROPOLITAN COMMUNITY CLINIC - HATO REY 81-04-195,Centro de Diagnóstico y Tratamiento,131,Privado - Lucrativo - Corporación,,"Calle Agueybaná 426, Urb. El Vedado, Hato Rey",Teléfono: 787-772-9850,Pueblo: San Juan,,,
CENTRO DE DIAGNOSTICO Y TRATAMIENTO ASOCIACION DE MAESTROS DE PUERTO RICO - HATO REY,Centro de Diagnóstico y Tratamiento,138,Privado - No Lucrativo - Asociacion,DEPARTAMENTO DE SALUD 2012,"Hospital del Maestro, Primer Nivel, Ave. Domenech FinalHato Rey",Teléfono: 787-763-5560,Pueblo: San Juan,,,
CENTRO DE PLANIFICACION FAMILIAR CELESTE ZALDUONDO - HATO REY,Centro de Diagnóstico y Tratamiento,139,Privado - No Lucrativo - Asociacion,,"Calla Padre Las Casa 117, El Vedado, Hato Rey",,Pueblo: San Juan,,,
"CDT HORMIGUEROS PREVENTIVE MEDICINE, INC",Centro de Diagnóstico y Tratamiento,82,Privado - Lucrativo - Corporación,,AVE. LUIS MUÑOS MARIN #2,Teléfono: (787)382-2583,Pueblo: Hormigueros,,,
CENTRO DE DIAGNOSTICO Y TRATAMIENTO DR. JORGE FRANCESCHI - HUMACAO - 97-04-008,Centro de Diagnóstico y Tratamiento,75,Gobierno Municipal,SARAFS (LEY 101),"Calle Flor Gerena Final, Esq. Sergio Peña",Teléfono: 787-852-0665,Pueblo: Humacao,,,
CORPORACION DEL FONDO DEL SEGURO DEL ESTADO - DISPENSARIO RAGIONAL DE HUMACAO - HUMACAO - 88-04-058,Centro de Diagnóstico y Tratamiento,133,Gobierno Estatal,,"Ave. Boulevard, Ramal 3",Teléfono: 787-852-1400,Pueblo: Humacao,,,
CENTRO ISABELINO MEDICINA AVANZADA - ISABELA - 88-04-279,Centro de Diagnóstico y Tratamiento,45,Gobierno Municipal -No Lucrativo - Otras No Pecuniarias,,"Ave. Agustín Ramos, Carr. 112, Km.1.4 Bo.  Mora",Teléfono: 787-872-5005,Pueblo: Isabela,,,
CDT POLICLINICA DEL ATLANTICO,Centro de Diagnóstico y Tratamiento,18,Privado - Lucrativo -Corporación,,Carr. 2 Km. 111.3Bo. Mora,Teléfono: 787-830-7737,Pueblo: Isabela,,,
CENTRO DE SALUD MARIO CANALES TORRESOLA - JAYUYA - 81-04-015,Centro de Diagnóstico y Tratamiento,116,Gobierno Municipal,,"Calle Cementerio Núm. 2,",Teléfono: 787-828-9183,Pueblo: Jayuya,,,
CENTRO SAN CRISTOBAL JUANA DIAZ - JUANA DIAZ - 96-04-091,Centro de Diagnóstico y Tratamiento,83,Privado - Lucrativo - Corporación,,Luis Muñoz Rivera Núm. 6,Teléfono: 787-837-5805,Pueblo: Juana Díaz,,,
CENTRO DE DIAGNOSTICO Y TRATAMIENTO DR. CESAR AUGUSTO COLLAZO - JUNCOS,Centro de Diagnóstico y Tratamiento,95,Gobierno Municipal,,Calle Muñoz Rivera Final,Teléfono: (787)734-0491,Pueblo: Juncos,,,
CENTRO DE SALUD FAMILIAR DE LAJAS -LAJAS - 89-04-147,Centro de Diagnóstico y Tratamiento,46,Gobierno Estatal -Lucrativo -Corporación,"Medicare, Medicaid",Ave. Flamboyán 237,Teléfono: 787-899-1514,Pueblo: Lajas,,,
"CENTRO DE SALUD DE LARES, INC. - LARES - 88-04-230",Centro de Diagnóstico y Tratamiento,93,Privado - No Lucrativo- Corporación,JCAHO,Carr. 111 Km.1.9,Teléfono: 787-897-2727,Pueblo: Lares,,,
LARES MEDICAL CENTER - CDT - LARES -94-04-120,Centro de Diagnóstico y Tratamiento,119,Privado - Lucrativo -Corporación,,Carr. 111 Km. 2.9,Teléfono: 787-648-5909,Pueblo: Lares,,,
SERVICIOS MEDICOS LAS MARIAS - LAS MARIAS - 94-04-129,Centro de Diagnóstico y Tratamiento,47,Privado - Lucrativo - Corporación,Medicare,"Carr. 119, Km 27.4",,Pueblo: Las Marías,,,
CENTRO MEDICO LAS PIEDRAS (CDT) - LAS PIEDRAS - 84-04-029,Centro de Diagnóstico y Tratamiento,106,Privado - Lucrativo - Corporación,,Calle José C. Barbosa #68,,Pueblo: Las Piedras,,,
CENTRO DE DIAGNOSTICO Y TRATAMIENTO DE LAS PIEDRAS,Centro de Diagnóstico y Tratamiento,81,Gobierno Municipal,,Carr. 198 Km. 72.6,Teléfono: 787-233-0053,Pueblo: Las Piedras,,,
"CONCILIO DE SALUD INTEGRAL DE LOIZA, INC. - LOIZA - 86-04-083",Centro de Diagnóstico y Tratamiento,19,Privado - Lucrativo - Corporación,,Carr. 188 Intersección 187,Teléfono: 787-876-2042,Pueblo: Loíza,,,
CDT DE LUQUILLO - LUQUILLO - 94-04-153,Centro de Diagnóstico y Tratamiento,64,Gobierno Estatal,,Calle 14 de Julio Final #159,Teléfono: 787-765-2929,Pueblo: Luquillo,,,
CDT POLICLINICA DR. MELENDEZ,Centro de Diagnóstico y Tratamiento,44,Privado - Lucrativo - Corporación,,Carr. PR-685,Teléfono: 787-854-6999,Pueblo: Manatí,,,
DISPENSARIO MEDICO INTERMEDIO DE MANATI - MANATI - 96-04-053,Centro de Diagnóstico y Tratamiento,128,Gobierno Estata-No Lucrativo -Corporación,,"Carr. #2 Km. 48.3 Interior, Urb. Félix Córdova DávilaBo. Cotto Norte",Teléfono: 787-854-6843,Pueblo: Manatí,,,
CENTRO DE DIAGNOSTICO Y TRATAMIENTO DR. CESAR R. ROSA FEBLES - MANATI - 90-04-180,Centro de Diagnóstico y Tratamiento,120,Gobierno Estatal - No Lucrativo -Corporación,,"Carr. PR-2, Km. 50,Calle Quinones 10",Teléfono: 787-854-2024,Pueblo: Manatí,,,
"CDT Maricao Medical Center, LLC - MARICAO - A-93-04-090",Centro de Diagnóstico y Tratamiento,49,Gobierno Estatal,"Medicare, Medicaid",Ave. Luchetti Núm. 9,Teléfono: 787-838-2278,Pueblo: Maricao,,,
CENTRO DE SALUD FAMILAR DE MAUNABO - MAUNABO - 88-04-142,Centro de Diagnóstico y Tratamiento,50,Gobierno Estatal,,"Ave. Kennedy, Apt. 8",Teléfono: 787-861-4385,Pueblo: Maunabo,,,
CLINICA YAGUEZ - MAYAGUEZ - 86-04-155,Centro de Diagnóstico y Tratamiento,129,Privado - Lucrativo -Corporación,,Calle McKinley Núm. 114-0,Teléfono: 787-832-8444,Pueblo: Mayagüez,,,
POLICLINICA BELLA VISTA - MAYAGUEZ -99-04-061,Centro de Diagnóstico y Tratamiento,10,Privado -No Lucrativo -Corporación,Medicare,"Carr. 12 Km.158.3, Profesional Plaza Building",Teléfono: 787-834-6161,Pueblo: Mayagüez,,,
UNIVERSIDAD DE PUERTO RICO RECINTO UNIVERSITARIO DE MAYAGUEZ,Centro de Diagnóstico y Tratamiento,37,Gobierno Estatal,,Calle Post,,Pueblo: Mayagüez,,,
CDT ASOCIACION DE MAESTROS DE PUERTO RICO - MAYAGUEZ - 92-04-033,Centro de Diagnóstico y Tratamiento,134,Privado - No Lucrativo- Asociación,Medicare,Ramos Antonini 158,Teléfono: 787-831-3130,Pueblo: Mayagüez,,,
CORPORACION DEL FONDO DEL SEGURO DEL ESTADO - DISPENSARIO REGIONAL DE MAYAGUEZ - MAYAGUEZ - 89-04-103,Centro de Diagnóstico y Tratamiento,124,Gobierno Estatal,,"Ave. Los Corazones, Villa Sultanita, Carr. Núm. 2,Bo. Sábalos",Teléfono: 787-833-0235,Pueblo: Mayagüez,,,
MOROVIS COMMUNITY HEALTH CENTER - MOROVIS - 92-04-017,Centro de Diagnóstico y Tratamiento,20,Privado - No Lucrativo- Corporación,"Medicare, Medicaid, JCAHO, FQHC",Ave. Corozal Esq. Patrón,Teléfono: 787-862-3000,Pueblo: Morovis,,,
CENTRO DE SALUD INTEGRAL EN NARANJITO - NARANJITO - 88-04-155,Centro de Diagnóstico y Tratamiento,12,Privado - No Lucrativo- Corporación,,"Carr. 167, Bo. Achiote, Sectro El Desvío de Naranjito hacia Barranquitas",Teléfono: 787-869-1290,Pueblo: Naranjito,,,
CENTRO DE SALUD INTEGRAL EN OROCOVIS - OROCOVIS - 91-04-135,Centro de Diagnóstico y Tratamiento,54,Privado - No Lucrativo- Corporación,,"Carr. 155, Sector el Desvío",Teléfono: 787-867-6010,Pueblo: Orocovis,,,
CENTRO SALUD FAMILIAR DE PATILLAS -PATILLAS - 92-04-083,Centro de Diagnóstico y Tratamiento,55,Gobierno Estatal - No Lucrativo -Corporación,JCAHO,Calle Guillermo Riefkhol #99,Teléfono: 787-725-0531,Pueblo: Patillas,,,
CORPORACION DEL FONDO DEL SEGURO DEL ESTADO DISPENSARIO REGIONAL DE PONCE - PONCE 89-04-106,Centro de Diagnóstico y Tratamiento,123,Gobierno Estatal,,Ave. Santiago de Los Caballeros 2136,Teléfono: 787-848-4545,Pueblo: Ponce,,,
CANAS MEDICAL CENTER - PONCE (06-04-011),Centro de Diagnóstico y Tratamiento,25,Privado - Lucrativo- Corporación,,"Carretera Estatal 132, Km. 22.1",,Pueblo: Ponce,,,
"CONSEJO DE SALUD DE PUERTO RICO, INC. - PONCE - A-92-04-018 Antes: CDT de la Playa de Ponce",Centro de Diagnóstico y Tratamiento,14,Privado - No Lucrativo- Corporación,Medicare,Ave. Hostos 1034,Teléfono: 787-843-9393,Pueblo: Ponce,,,
CDT CENTRO DE EMERGENCIA Y SALUD PRIMARIA DEL TUQUE,Centro de Diagnóstico y Tratamiento,31,Privado - No Lucrativo- Iglesia,,Carretera Número 2Sector El Tuque,Teléfono: 787-259-1101,Pueblo: Ponce,,,
METRO PAVIA CLINIC - PONCE - 97-04-123,Centro de Diagnóstico y Tratamiento,48,Privado - Lucrativo- Corporación,,Calle Marina 43,Teléfono: 787-620-9770,Pueblo: Ponce,,,
QUEBRADILLAS MEDICAL CENTER - QUEBRADILLAS - 08-04-021,Centro de Diagnóstico y Tratamiento,21,Privado - Lucrativo - Corporación,,"Carr. PR-2, Km. 96.8, Bo. Cocos",Teléfono: 787-895-2895,Pueblo: Quebradillas,,,
CDT- POLICLINICA SHALOM,Centro de Diagnóstico y Tratamiento,90,Privado - Lucrativo - Corporación,,Carr. # 2 KM 101.6BO. TERRANOVA,Teléfono: (787) 895-0914,Pueblo: Quebradillas,,,
CENTRO DE DIAGNOSTICO Y TRATAMIENTO DE QUEBRADILLAS -QUEBRADILLAS - 87-04-212,Centro de Diagnóstico y Tratamiento,142,Gobierno Estatal,,Muñoz Rivera Esq. San Justo,Teléfono: 787-895-2670,Pueblo: Quebradillas,,,
COSTA SALUD COMMUNITY HEALTH CENTERS,Centro de Diagnóstico y Tratamiento,98,Gobierno Estatal-Lucrativo -Corporación,,"Carr. Estatal #115, Km. 13.1, Bo. Pueblo",Teléfono: 787-823-0909,Pueblo: Rincón,,,
RINCON HEALTH CENTER - RINCON - 92-01-055,Centro de Diagnóstico y Tratamiento,56,Privado - No Lucrativo- Corporación,JCAHO,"Calle Muñoz Rivera Núm. 28,",Teléfono: 787-823-5555,Pueblo: Rincón,,,
CENTRO DE DIAGNOSTICO Y TRATAMIENTO- RIO GRANDE - 94-04-098,Centro de Diagnóstico y Tratamiento,97,Gobierno Estatal,"Medicare, Medicaid, SPRAFS",Calle Manuel Pimentel y Castro Núm. 200,,Pueblo: Río Grande,,,
CENTRO DE SALUD DE LA COMUNIDAD DE SABANA LLANA DR. OLIVERAS GUERRA - RIO PIEDRAS - 82-04-360,Centro de Diagnóstico y Tratamiento,7,Gobierno Municipal,,"Calle 8 Esq. 45 Parcelas Falú, Sabana Llana",Teléfono: 787-763-6560,Pueblo: San Juan,,,
CENTRO DE DIAGNOSTICO Y TRATAMIENTO DR. KOPPISCH - RIO PIEDRAS - 78-04-263,Centro de Diagnóstico y Tratamiento,5,Gobierno Municipal,,"Urb. San Jose, Ave. Barbosa, Esq. Sicilia",Teléfono: 787-758-8800,Pueblo: San Juan,,,
CENTRO DE DIAGNOSTICO Y TRATAMIENTO CARIBBEAN MEDICAL TESTING CENTER - RIO PIEDRAS - 79-02-215,Centro de Diagnóstico y Tratamiento,67,Gobierno Estatal -Lucrativo -Corporación,,"Calle Clemenson #300, Extensión University Gardens",Teléfono: 787-754-6868,Pueblo: San Juan,,,
SERVICIOS MÉDICOS UPR RECINTO DE RIO PIEDRAS - RIO PIEDRAS - 00-04-024,Centro de Diagnóstico y Tratamiento,17,Gobierno Estatal,MEMBRESIA AMERICAN COLLEGE HEALTH ASSOC.,Universidad de Puerto Rico- Recinto de Rio Piedras,,Pueblo: San Juan,,,
CLINICA EXTERNAS ADMINISTRACION DE SERVICIOS MEDICOS - RIO PIEDRAS,Centro de Diagnóstico y Tratamiento,15,Gobierno Estatal,,"Edif. Central, Centro Médico",Teléfono: 787-777-3535,Pueblo: San Juan,,,
METRO PAVIA CLINIC,Centro de Diagnóstico y Tratamiento,104,Gobierno Municipal,Medicare,CARR. PR -199 KM 0.3AVE. LAS CUMBRES,,Pueblo: San Juan,,,
CENTRO DE DIAGNOSTICO Y TRATAMIENTO MUNICIPAL DR. JAVIER JAVIER ANTON - RIO PIEDRAS - 91-04-091,Centro de Diagnóstico y Tratamiento,8,Gobierno Municipal,,Calle Piñeiro Esq. Vallejo,Teléfono: 787-787-4242,Pueblo: San Juan,,,
CENTRO LATINOAMERICANO DE ENFERMEDADES DE TRANSMISION SEXUAL (CLETS) - RIO PIEDRAS - 80-04-021,Centro de Diagnóstico y Tratamiento,74,Gobierno Estatal,,Centro Médico - Río Piedras,Teléfono: 787-754-8118,Pueblo: San Juan,,,
CENTRO DE SALUD FAMILIAR BERNICE GUERRA - SABANA GRANDE - 94-04-088,Centro de Diagnóstico y Tratamiento,58,Gobierno Municipal,Medicare,"Carr. 102, Km, 39.1,",Teléfono: 787-873-2145,Pueblo: Sabana Grande,,,
CENTRO REHABILITACION VOCACIONAL- CENTRO MEDICO,Centro de Rehabilitación,2,Gobierno Estatal,,Centro Medico,Teléfono: 787-758-1049,Pueblo: San Juan,,,
SUR - MED MEDICAL CENTER CORP. - SALINAS - 91-04-170,Centro de Diagnóstico y Tratamiento,59,Privado - Lucrativo - Corporación,Medicare,"Calle Colón Pacheco 8,",Teléfono: 787-824-7097,Pueblo: Salinas,,,
CDT DR. MANUEL QUEVEDO BAEZ,Centro de Diagnóstico y Tratamiento,2,Gobierno Municipal,,Calle Agustín Núm. 359,Teléfono: 723-6057,Pueblo: San Juan,,,
Centro Médico Las Lomas 11-04-013,Centro de Diagnóstico y Tratamiento,63,Privado - Lucrativo - Corporación,,"Bloque U3 33, Carr. 21, Urb. las Lomas",,Pueblo: San Juan,,,
"CDT MULTY MEDICAL FACILITIES, CORP.- HATO REY - 83-04-080",Centro de Diagnóstico y Tratamiento,99,Privado - Lucrativo - Corporación,,"Ave. Muños Rivera 402, Pda. 31, Hato Rey",Teléfono: 787-758-5555,Pueblo: San Juan,,,
CDT PROGRAMA SIDA DE SAN JUAN -SANTURCE - 92-04-076,Centro de Diagnóstico y Tratamiento,27,Gobierno Municipal,,"Ave. Fernández Juncos 1306, Parada 19 Santurce",Teléfono: (787)723-3308,Pueblo: San Juan,,,
"SAN JUAN MEDICAL IMAGING, LLP - SAN JUAN - 83-12-053",Centro de Diagnóstico y Tratamiento,105,Privado - Lucrativo -Corporación,,"Ave. De Diego , Esq. Baldorioty, Santurce, PR",Teléfono: 787-977-7575,Pueblo: San Juan,,,
CORPORACION DEL FONDO DEL SEGURO DEL ESTADO - DISPENSARIO REGIONAL DE SAN JUAN - RIO PIEDRAS - 90-04-179,Centro de Diagnóstico y Tratamiento,9,Gobierno Estatal,,"Carr. Estatal Puerto Rico 838 Km. 6.3, Bo. Monacillos",Teléfono: 787-765-8607,Pueblo: San Juan,,,
CENTRO DE DIAGNOSTICO Y TRATAMIENTO DR. LOPEZ ANTONGIORGI - RIO PIEDRAS - 90-04-085,Centro de Diagnóstico y Tratamiento,6,Gobierno Municipal,,Calle 25 NE 333 Puerto Nuevo,Teléfono: 787-725-9577,Pueblo: San Juan,,,
CDT DR. GUALBERTO RABELL-HOARE SANTURCE,Centro de Diagnóstico y Tratamiento,101,Gobierno Municipal,JCAHO,"Calle Cerra, Santurce",Teléfono: 787-721-7086,Pueblo: San Juan,,,
CENTRO DE DIAGNOSTICO Y TRATAMIENTO DR. ARNALDO J. GARCIA,Centro de Diagnóstico y Tratamiento,24,Gobierno Municipal,,"Calle Flor Antillana, Urb. Pública Luis Llorens TorresSanturce",Teléfono: 787-767-5860,Pueblo: San Juan,,,
CENTRO DE SERVICIOS DE SALUD RYDER DE SAN LORENZO - SAN LORENZO -86-04-037,Centro de Diagnóstico y Tratamiento,78,Privado - No Lucrativo- Corporación,,"Calle Muños Rivera Final, Hacia Patillas",Teléfono: 787-736-2651,Pueblo: San Lorenzo,,,
"CENTRO DE DIAGNOSTICO Y TRATAMIENTO PEPINO HEALTH GROUP, INC. - SAN SEBASTIAN - 93-04-111",Centro de Diagnóstico y Tratamiento,60,Privado - Lucrativo - Corporación,,Calle Pavia Fernandez #120,Teléfono: 787-896-7094,Pueblo: San Sebastián,,,
CENTRO DE DIAGNOSTICO Y TRATAMIENTO DE SAN SEBASTIAN -SAN SEBASTIAN - 84-04-007,Centro de Diagnóstico y Tratamiento,112,Privado - Lucrativo -Corporación,Medicare,Calle José Méndez Cardona Núm. 3,Teléfono: 787-896-1850,Pueblo: San Sebastián,,,
SANTA ISABEL MEDICAL CENTER - SANTA ISABEL - 91-04-167,Centro de Diagnóstico y Tratamiento,86,Gobierno Municipal,,Calle Hostos Final Carr. 13,Teléfono: 787-782-0120,Pueblo: Santa Isabel,,,
CDT JOSE S. BELAVAL SANTURCE - 82-04-338,Centro de Diagnóstico y Tratamiento,4,Gobierno Municipal,,"Ave. Borinquen, Bo. Obrero",Teléfono: 787-977-0520,Pueblo: San Juan,,,
CDT TOA ALTA - TOA ALTA - 82-03-503,Centro de Diagnóstico y Tratamiento,61,Gobierno Municipal,,Calle Barceló Núm. 16,,Pueblo: Toa Alta,,,
CDT CENTRO DE SERVICIOS MEDICIOS DE LEVITTOWN - TOA BAJA - 07-04-119,Centro de Diagnóstico y Tratamiento,51,Privado - Lucrativo - Corporación,,"Urb. Levittown 7am Secc., HF-16, Ave. Lizzie Graham",,Pueblo: Toa Baja,,,
TOA BAJA HEALTH CENTER - TOA BAJA - 87-04-038,Centro de Diagnóstico y Tratamiento,66,Privado - Lucrativo - Corporación,,"Ave. Sabana Seca, Intersección 867, Bo. Sabana Seca",Teléfono: (787) 261-7834,Pueblo: Toa Baja,,,
CENTRO DE DIAGNOSTICO Y TRATAMIENTO DE TRUJILLO ALTO - TRUJILLO ALTO - 80-04-131,Centro de Diagnóstico y Tratamiento,11,Privado - No Lucrativo- Corporación,,"Calle Carite, Urb. Lago Alto",,Pueblo: Trujillo Alto,,,
DISPENSARIO DE MEDICINA OCUPACIONAL NIVEL LOCAL - UTUADO - 94-04-058,Centro de Diagnóstico y Tratamiento,80,Gobierno Estatal,,"Carr. 111 Km 2.0, Ave Rivas Dominicci",Teléfono: 787-894-8332,Pueblo: Utuado,,,
"CENTRO DE DIAGNOSTICO Y TRATAMIENTO DR. CAPARROS, INC. -UTUADO - 93-04-057",Centro de Diagnóstico y Tratamiento,76,Privado - Lucrativo - Corporación,,"Calle Betances Núm. 2, Esq. Morel",Teléfono: 787-814-1122,Pueblo: Utuado,,,
CENTRO INTEGRAL DE SALUD - VEGA ALTA - 88-04-229,Centro de Diagnóstico y Tratamiento,62,Privado - Lucrativo - Corporación,,Carr. #2 - Km. 31.9,Teléfono: 787-270-2330,Pueblo: Vega Alta,,,
"VEGA BAJA COMMUNITY HEALTH, INC. - VEGA BAJA - 04-04-041",Centro de Diagnóstico y Tratamiento,143,Privado - Lucrativo - Corporación,,"Urb. Villa Pinares 81, Ave. Villa Paseos",Teléfono: (787) 614-0730,Pueblo: Vega Alta,,,
CENTRO SAN CRISTOBAL - VILLALBA - 96-04-092,Centro de Diagnóstico y Tratamiento,70,Privado - Lucrativo - Corporación,,Calle Muñoz Rivera 40,Teléfono: 787-848-2100,Pueblo: Villalba,,,
CDT MUNICIPAL DE YABUCOA - YABUCOA - 89-04-066,Centro de Diagnóstico y Tratamiento,9,Gobierno Municipal,,"Carr. 901, Km. 5, Salida hacia Camino Nuevo,",Teléfono: 787-893-2828,Pueblo: Yabucoa,,,
DISPENSARIO LOCAL DE YAUCO - CORPORACION DEL FONDO DEL SEGURO DEL ESTADO - YAUCO - 96-04-119,Centro de Diagnóstico y Tratamiento,140,Gobierno Estatal,,Car. #127 Km. 2.3 Bo. Susúa Baja,Teléfono: 787-267-5830,Pueblo: Yabucoa,,,
THE RENAL CENTER OF AGUADILLA,Centro de Diálisis,3,Privado - Lucrativo - Corporación,Medicare,Hospital Regional de Aguadilla,Teléfono: 787-882-1070,Pueblo: Yabucoa,25,,
"BIO-MEDICAL APPLICATIONS OF AGUADILLA, INC. - AGUADILLA - 88-11-009",Centro de Diálisis,2,Privado - Lucrativo - Corporación,"Medicare, Ley 101","Carr. 459, Km. 0.7, Bo. Camaseyes",Teléfono: 787-834-5335,Pueblo: Aguadilla,28,,
CENTRO RENAL DE ARECIBO - ARECIBO - 82-11-326,Centro de Diálisis,5,Privado - Lucrativo - Corporación,Medicare,"Carr. Núm. 2, Km. 78.5, 1072 Ave. Miramar",Teléfono: 787-815-1640,Pueblo: Arecibo,30,,
FMC DIALYSIS SERVICES DEL NORTE - ARECIBO - 95-11-075,Centro de Diálisis,6,Privado - Lucrativo - Corporación,Medicare,"Hospital Cayetano y Toste, Suite 108",Teléfono: 787-879-3828,Pueblo: Arecibo,19,,
BIO MEDICAL APPLICATIONS 0F BAYAMÓN - BAYAMON - 78-11-228,Centro de Diálisis,7,Privado - Lucrativo - Corporación,"Medicare, Medicaid","Edif. Francisco Rodríguez Torres, Carr. 2, Km. 11.2",Teléfono: 787-787-9353,Pueblo: Bayamón,31,,
FRESENIUS MEDICAL CARE SANTA JUANITA DIALISIS - BAYAMON - 91-11-018,Centro de Diálisis,8,Privado - Lucrativo - Corporación,Medicaid,"Urb. Santa Juanita, Calle 30 #200 Esq. Calle 41",Teléfono: 787-523-1417,Pueblo: Bayamón,35,,
CAGUAS DIALYSIS AND NEPHROLOGY CENTER - CAGUAS - 99-11-115,Centro de Diálisis,17,Privado - Lucrativo - Corporación,,Carr. 172 Urb. Turabo Gardens,Teléfono: 787-767-1919,Pueblo: Caguas,0,,
B.M.A DE CAGUAS,Centro de Diálisis,9,Privado - Lucrativo - Corporación,Medicare,Caguitas Mail Carr #1K34 H6,Teléfono: 787-743-1334,Pueblo: Caguas,,,
RENAL CENTRE OF CAGUAS - CAGUAS -96-11-108,Centro de Diálisis,42,Privado - Lucrativo - Corporación,Medicare,"Ave. Muñoz Marín, Esq. Georgetty",Teléfono: 787-763-8989,Pueblo: Caguas,,,
FMC DIALYSIS SERVICES OF CANOVANAS- CANOVANAS - 05-11-071,Centro de Diálisis,31,Privado - Lucrativo - Corporación,Medicare,"Antiguo Edif. Casa Febos, Carr. Estatal 3, Km. 19.9,",,Pueblo: Canóvanas,29,,
CENTRO RENAL DE CAROLINA - CAROLINA - 81-11-848,Centro de Diálisis,10,Privado - Lucrativo - Corporación,Medicare,"Centro Comercial Golden Tower, Marginal Vistamar",Teléfono: 787-257-2770,Pueblo: Carolina,35,,
THE RENAL CENTRE OF CAROLINA -CAROLINA - 01-11-126,Centro de Diálisis,36,Privado - Lucrativo - Corporación,Medicare,Ave. 65 de Infantería,Teléfono: 787-292-7979,Pueblo: Carolina,0,,
CENTRO DE DIÁLISIS RENAL HOSPITAL MENONITA DE CAYEY - CAYEY - 96-11-031,Centro de Diálisis,11,Privado - Lucrativo - Corporación,Medicare,"Bo. Rincón, Sector Lomas, Carr. 14,",Teléfono: 787-250-1053,Pueblo: Cayey,32,,
THE RENAL CENTER OF DORADO - DORADO - 10-11-055,Centro de Diálisis,44,Privado - Lucrativo - Corporación,,Calle José M. Cardona Núm. 3,Teléfono: 787-292-7979,Pueblo: Dorado,29,,
Fresenius Medical Care - Guayama Dialysis - 86-11-004,Centro de Diálisis,13,Privado - Lucrativo - Corporación,"Medicare, Medicaid","Carr. Estatal 54, Km. 2.1, Esq. Calle Arnaldo Bristol",Teléfono: 809-844-6050,Pueblo: Guayama,18,,
FRESENIUS MEDICAL CARE SANTA ROSA DIALYSIS - GUAYAMA - 91-11-139,Centro de Diálisis,14,Privado - Lucrativo - Corporación,Medicare,"Ave. Los Veteranos, Urb. Villa Rosa I",Teléfono: 787-864-0101,Pueblo: Guayama,0,,
"HEALTH RESOURCES GROUP GUAYNABO, INC. - DIALISIS RENAL - GUAYNABO -98-11-121",Centro de Diálisis,15,Privado - Lucrativo - Corporación,Medicare / 40-2534,"Guaynabo Medical Mall, 140 Ave. Las Cumbres",Teléfono: 787-999-7080,Pueblo: Guaynabo,19,,
BIO MEDICAL APPLICATIONS OF HUMACAO - HUMACAO - 87-11-165,Centro de Diálisis,16,Privado - Lucrativo - Corporación,"Medicare, Medicaid","Tremendo Shopping Center, Carr. 3, Km. 33",Teléfono: 787-746-7441,Pueblo: Humacao,41,,
RENAL CENTRE OF ISABELA - ISABELA - 99-11-087,Centro de Diálisis,41,Privado - Lucrativo - Corporación,Medicare,Carr. Militar Núm. 2,Teléfono: 787-722-9090,Pueblo: Isabela,25,,
THE RENAL CENTRE OF JUNCOS - JUNCOS- 01-11-139,Centro de Diálisis,28,Privado - Lucrativo - Corporación,,Juncos,,Pueblo: Juncos,17,,
RENAL CENTRE OF LARES - LARES - 99-11-035,Centro de Diálisis,18,Privado - Lucrativo - Corporación,Medicare / 40-2536,"Carr. 129, Km. 25.6, Bo. Piletas",Teléfono: 787-726-5111,Pueblo: Lares,15,,
FRESENIUS MEDICAL CARE OF LAS PIEDRAS - LAS PIEDRAS - 07-11-001,Centro de Diálisis,47,Privado - Lucrativo - Corporación,,"Plaza Las Piedras, Carr. 917 Int. 183",Teléfono: 787-764-3172,Pueblo: Las Piedras,16,,
THE RENAL CENTER OF MANATI - MANATI - 87-11-127,Centro de Diálisis,19,Privado - Lucrativo - Corporación,Medicare,"Hospital Doctors Center, Carr. 2 Km. 47.7, Sector Cabo Sur",Teléfono: 787-854-3322,Pueblo: Manatí,34,,
BIO MEDICAL APPLICATIONS OF MAYAGÜEZ - MAYAGUEZ - 84-11-004,Centro de Diálisis,20,Privado - Lucrativo - Corporación,Medicare,"Ave. Los Corazones 1050, Ofic. 101",Teléfono: 787-833-5335,Pueblo: Mayagüez,38,,
FMC DIALYSIS SERVICES NORTH MAYAGUEZ RENAL CENTER - MAYAGUEZ - 96-11-070,Centro de Diálisis,21,Privado - Lucrativo - Corporación,Medicare,"Carr. 64, Km. 0.5, Bo. Sabanetas",Teléfono: 787-834-5335,Pueblo: Mayagüez,23,,
THE RENAL CENTRE OF MAYAGUEZ -MAYAGUEZ - 04-11-149,Centro de Diálisis,43,Privado - Lucrativo - Corporación,Medicare,"Centro Médico de Mayaguez, Bo. Sábalos",Teléfono: 787-292-7979,Pueblo: Mayagüez,29,,
CENTRO DE DIALISIS SAN MIGUEL ARCANGEL,Centro de Diálisis,1,Privado - Lucrativo - Corporación,,Carr. P.R. 164 Km. 6.9,Teléfono: 787-227-4604,Pueblo: Naranjito,24,,
DIALICENTRO - PONCE - 89-11-139,Centro de Diálisis,24,Privado - Lucrativo - Corporación,Medicare,"Urb. Punto Oro Núm. 500, Ave. Exterior",Teléfono: 787-259-0688,Pueblo: Ponce,32,,
THE RENAL CENTRE OF PONCE - PONCE -87-11-179,Centro de Diálisis,25,Privado - Lucrativo - Corporación,"Medicare, Medicaid / 40-2510","Hospital San Lucas 2, 14 Ave. Tito Castro",Teléfono: 292-7979,Pueblo: Ponce,31,,
BMA PONCE - PONCE - 80-11-130,Centro de Diálisis,22,Privado - Lucrativo - Corporación,Medicare / 40-2517,Ponce By Pass Carr. 2 San Jorge Shopping Center,Teléfono: 787-844-6090,Pueblo: Ponce,33,,
FRESENIUS MEDICAL CARE-PONCE CENTRO DIALYSIS - PONCE - 90-11-197  Antes: Dr. Pila Dialysis Center,Centro de Diálisis,26,Privado - Lucrativo - Corporación,Medicare,Calle Power #100,Teléfono: 787-848-5600,Pueblo: Ponce,28,,
Centro Renal Universitario,Centro de Diálisis,33,Gobierno Estatal,"Medicare, JCAHO / 40-2305",Barrio Monacillo Centro Médico,Teléfono: 754-0101,Pueblo: San Juan,34,,
BIOMEDICAL APPLICATIONS OF RIO PIEDRAS INC. - UNIDAD AMBULATORIA DE DIALISIS - RIO PIEDRAS - 87-11-073,Centro de Diálisis,32,Privado - Lucrativo - Corporación,Medicare / 40-2515,"Ave. Ponce de León 1527, Ofic.102, Bo. El Cinco",Teléfono: 787-766-2296,Pueblo: San Juan,38,,
UNIDAD DE DIÁLISIS PEDIÁTRICA - RIO PIEDRAS - 92-11-042,Centro de Diálisis,34,Gobierno Estatal,"Medicare, Medicaid",Hospital Pediátrico Universitario,Teléfono: 787-767-3182,Pueblo: San Juan,5,,
The Renal Centre of San Germán - Sub-Región de San Germán - 11-11-111,Centro de Diálisis,46,Privado - Lucrativo - Corporación,,"Centro Comercial Las LomasAve. Castro Pérez, Carretera 122, km. 0, hm. 6",,Pueblo: San Germán,17,,
BIO MEDICAL APPLICATIONS OF SAN GERMAN - SAN GERMAN - 82-11-062,Centro de Diálisis,35,Privado - Lucrativo - Corporación,"Medicare, Ley 101","Carr. 2, Km. 173",Teléfono: 787-892-0942,Pueblo: San Germán,25,,
BIO MEDICAL APPLICATIONS OF SAN JUAN - SAN JUAN - 92-11-002,Centro de Diálisis,30,Privado - Lucrativo - Corporación,Medicare / 40-2501,"Antillas Warehouse & Office Park, 461 Francia St., Suite 401",Teléfono: 787-764-3172,Pueblo: San Juan,35,,
AUXILIO MUTUO DIALYSIS CENTER -HATO REY - 88-11-059,Centro de Diálisis,29,Privado - Lucrativo - Corporación,Medicare,"Clínica Expreso Auxilio Mutuo, Carr. 199, Ave. Las Cumbres",Teléfono: 787-764-3172,Pueblo: San Juan,55,,
THE RENAL CENTRE OF SAN SEBASTIÁN - SAN SEBASTIAN - 01-11-064,Centro de Diálisis,37,Privado - Lucrativo - Corporación,"Medicare, Medicaid / 40-2536",Calle José Méndez Cardona #3,Teléfono: 787-280-6767,Pueblo: San Sebastián,16,,
THE RENAL CENTRE OF TOA BAJA - TOA BAJA - 01-11-062,Centro de Diálisis,27,Privado - Lucrativo - Corporación,Medicare,Municipio de Toa baja,,Pueblo: Toa Baja,33,,
FMC Vega Alta Dialisis,Centro de Diálisis,45,Privado - Lucrativo - Corporación,,"Calle 1, Lote 2, Parque Industrial de Vega",,Pueblo: Vega Alta,20,,
VEGA BAJA RENAL DIALYSIS CENTER - VEGA BAJA - 89-11-301,Centro de Diálisis,38,Privado - Lucrativo - Corporación,"Medicare, Medicaid",Las Vegas Shopping Center D-14,Teléfono: 787-758-0930,Pueblo: Vega Baja,45,,
UNIDAD DE DIALISIS MUNICIPIO DE VIEQUES - VIEQUES - 07-11-085,Centro de Diálisis,4,Gobierno Municipal,,"Carr. PR 997, Km. 1.0, Bo. Destino",Teléfono:,Pueblo: Vieques,4,,
CENTRO RENAL DE YAUCO - YAUCO - 97-11-127,Centro de Diálisis,39,Privado - Lucrativo - Corporación,Medicare,"Calle Prolongación Núm. 20, Cond. Torres Navel, Ofic. 102-C",Teléfono: 787-250-5660,Pueblo: Yauco,20,,
Island Rehabilitation Center,Centro de Rehabilitación,11,Privado - Lucrativo - Corporación,Medicare,Ave. Santa Cruz Núm. 28,Teléfono: 798-0723,Pueblo: Bayamón,,,
Multy-Physical Rehabilitation Center - 11-10-034 - Hato Rey,Centro de Rehabilitación,4,Privado - Lucrativo - Corporación,,"Avenida Muñoz Rivera, 402",,Pueblo: San Juan,,,
Sociedad de Educación y Rehabilitación de Puerto Rico,Centro de Rehabilitación,1,Privado - No Lucrativo- Iglesia,Medicare,Calle Báez #500Urb. Pérez Morris,Teléfono: 767-6710,Pueblo: San Juan,,,
OROCOVIS HEALTH CARE CENTER INC.,Centro de Rehabilitación,3,Privado - Lucrativo - Corporación,,Calle Pedro Arroyo #50,Teléfono: 787-718-0047,Pueblo: Orocovis,,,
CENTRO DE REHABILITACION SAN JUAN AGING CENTER,Centro de Rehabilitación,6,Gobierno Municipal,"Medicare, Medicaid","Ave. 65 de Infantería, Km. 3.4",Teléfono: 787-765-1340,Pueblo: San Juan,,,
TERAPIA FISICA LA MONSERRATE,Centro de Rehabilitación,5,Privado - Lucrativo - Corporación,,AVE. 5 DE DICIEMBRE 100,,Pueblo: Sabana Grande,,,
CENTRO DE REHABILITACION PSICOSOCIAL DE CAYEY,Centro de Rehabilitación Sicosocial,4,Gobierno Estatal,,AVE. JOSE DE DIEGO 392 OESTE,Teléfono: 787-738-3705,Pueblo: Cayey,,40,40
CENTRO DE REHABILITACION PSICOSOCIAL DE SALUD MENTAL - TRUJILLO ALTO (-A-94-10-066),Centro de Rehabilitación Sicosocial,2,Gobierno Estatal,,"Carretera 199, Intersección 845,",Teléfono: 787 763-7575,Pueblo: Trujillo Alto,,64,64
CENTRO DE CIRUGÍA AMBULATORIA AGUADILLA - AGUADILLA - 84-12-009,Cirugía Ambulatoria,1,Privado - Lucrativo - Corporación,Medicare / 40C001013,"Carr. 107, Zona Industrial",Teléfono: 787-882-0303,Pueblo: Aguadilla,,,
"CENTRO OFTALMOLOGICO DE ARECIBO, INC. - CIRUGIA AMBULATORIA",Cirugía Ambulatoria,35,Privado - Lucrativo - Corporación,Medicare / 40C0001027,Ave. De Diego 404,Teléfono: 787 831-6640,Pueblo: Arecibo,,,
ASC - CDT METROPOLITANO DE ARECIBO,Cirugía Ambulatoria,33,Privado - Lucrativo - Corporación,,"Carr. 129, Km. 2.7Int. Hato Abajo",Teléfono: 650-0020,Pueblo: Arecibo,,,
ADVANCED IMAGING & INTERVENTIONAL CENTER RADIOLOGIA INTERVENCIONAL - BAYAMÓN - 95-12-074,Cirugía Ambulatoria,2,Privado - Lucrativo - Corporación,,"Edif. Arturo Cadilla Viñas, Suite 106Centro Médico San Pablo",Teléfono: 787-780-9069,Pueblo: Bayamón,,,
MEDICAL OFTALMIC LASER - BAYAMON- 96-13-022,Cirugía Ambulatoria,3,Privado - Lucrativo - Corporación,Medicare,Carr. #2 Km. 11.9,Teléfono: 787-765-1478,Pueblo: Bayamón,,,
INSTITUTO PARA CUIDADO DEL SENO -,Cirugía Ambulatoria,9,Privado - Lucrativo - Corporación,,"Bayamón Medical Plaza, Suite 209",Teléfono: 787-617-4278,Pueblo: Bayamón,,,
SALA QUIRÚRGICA AMBULATORIA DE BAYAMÓN - BAYAMON - 98-12-132,Cirugía Ambulatoria,6,Privado - Lucrativo - Corporación,,"Edf. Dr. Arturo Cadilla Suite 503, Paseo San Pablo",Teléfono: 787-751-8286,Pueblo: Bayamón,,,
"ADVANCE PAIN MANAGEMENT AND REHABILITATION INSTITUTE, INC. -BAYAMON - 07-12-011",Cirugía Ambulatoria,34,Privado - Lucrativo - Corporación,,Calle Santa Cruz E-22,Teléfono: 787-740-4286,Pueblo: Bayamón,,,
Centro de Cirugía Urológica Ambulatoria-10-12-076,Cirugía Ambulatoria,25,Privado - Lucrativo - Corporación,,"Torre San Pablo, Suite 101 y 102Calle Santa Cruz, #68",,Pueblo: Bayamón,,,
HIMA SURGICENTER,Cirugía Ambulatoria,7,Privado - Lucrativo - Corporación,"Medicare, JCAHO",Calle Muñoz Rivera A-1,Teléfono: 787-746-8862,Pueblo: Caguas,,,
INSTITUTO DE OJOS Y PIEL - CIRUGIA AMBULATORIA - CAROLINA - 92-12-015,Cirugía Ambulatoria,8,Privado - Lucrativo - Corporación,Medicare,"Carr. Núm. 3, Km. 12.7",Teléfono: 787-769-2477,Pueblo: Carolina,,,
CENTRO QUIRURGICO DE LA MONTAÑA - CAYEY - 91-04-075,Cirugía Ambulatoria,10,Privado - Lucrativo - Corporación,Medicare,"Calle Luis Barreras Núm. 174,",Teléfono: 787-535-0380,Pueblo: Cayey,,,
"GUAYNABO ASG, INC. - GUAYNABO (04-12-106)",Cirugía Ambulatoria,4,Privado - Lucrativo - Corporación,Medicare,"Lobby, Suite 117, City View Plaza, Carr. 165, Km. 1.2 #48",Teléfono: 787-775-2020,Pueblo: Guaynabo,,,
RELIABLE AMBULATORY SURGICAL CENTER - GUAYNABO - 07-12-036 (Antes:Guaynabo Medical Mall),Cirugía Ambulatoria,5,Privado - Lucrativo - Corporación,"DEPARTAMENTO DE SALUD, Ley 101","Carr. 886, Ave. Las Cumbres",Teléfono: 787-720-9600,Pueblo: Guaynabo,,,
INSTITUTO PARA EL MANEJO DEL DOLOR DE PUERTO RICO Y DEL CARIBE,Cirugía Ambulatoria,37,Privado - Lucrativo - Corporación,,Edificio del Centro Internacional de Mercadeo Sector Amelia,Teléfono: 787-751-8201,Pueblo: Guaynabo,,,
CENTRO CIRUGIA AMBULATORIA PROCEDIMIENTOS UROLOGICOS - HATO REY - 00-12-061,Cirugía Ambulatoria,14,Privado - Lucrativo - Corporación,"Medicare, JCAHO / 40C0001025",Torre de Oficinas Médicas del Hospital Auxilio MutuoAve. Ponce de Leon Pda. 37 1/2,Teléfono: 787-758-3061,Pueblo: San Juan,,,
INSTITUTO DE GASTROENTEROLOGÍA DE PUERTO RICO - HATO REY - 91-13-181,Cirugía Ambulatoria,15,Privado - Lucrativo - Corporación,Medicare," 206, Hato ReyClínica Las Américas, Ave. Roosevelt 400Suite",Teléfono: 787-764-8787,Pueblo: San Juan,,,
CLINICA DE CIRUGIA AMBULATORIA DE PUERTO RICO - MAYAGUEZ - 79-12-309,Cirugía Ambulatoria,18,Privado - Lucrativo - Corporación,Medicare / 40C0001000,Calle de Diego #15,Teléfono: 787-833-4400,Pueblo: Mayagüez,,,
CENTRO DE ENDOSCOPIA AVANZADA DEL CARIBE - MAYAGUEZ - 06-12-018,Cirugía Ambulatoria,24,Privado - Lucrativo - Corporación,,"Avenida De Diego 53 Este, Edificio 55, Suite 104",Teléfono: 787-265-4250,Pueblo: Mayagüez,,,
INSTITUTO CIRUGIA PLASTICA DEL OESTE CIRUGIA AMBULATORIA - MAYAGUEZ - 81-12-021,Cirugía Ambulatoria,19,Privado - Lucrativo - Corporación,Medicare / 40C0001002,Méndez Vigo 165 Este,Teléfono: 787-833-3248,Pueblo: Mayagüez,,,
ADVANCED ENDOSCOPY CENTER,Cirugía Ambulatoria,22,Privado - Lucrativo - Corporación,,2213 Ponce By Pass,Teléfono: 787-843-1129,Pueblo: Ponce,,,
CARIBBEAN SURGY CENTER CIRUGIA OFTALMICA - PONCE - 98--12-013,Cirugía Ambulatoria,20,Privado - Lucrativo - Corporación,Medicare / 40C0001019,"Edif. Fullana 8B, Santa María,",Teléfono: 787-832-7429,Pueblo: Ponce,,,
ASC PLAYA DE PONCE,Cirugía Ambulatoria,21,Privado - No Lucrativo - Corporación,Medicare,Ave. de Hostos Número 1034,Teléfono: 787-843-9393,Pueblo: Ponce,,,
HOSPITAL METROPOLITANO DR. PILA -PONCE - 79-07-478,Cirugía Ambulatoria,17,Privado - Lucrativo - Corporación,,Ave. Las Américas,,Pueblo: Ponce,,,
HOSPITAL ANDRES GRILLASCA - PONCE - 80-07-723,Cirugía Ambulatoria,12,Privado - Lucrativo - Corporación,,"Carr. 14. Terrenos Centro Médico, Bo. Machuelo",Teléfono: 787-848-0800,Pueblo: Ponce,,,
CENTRO CIRUGIA AMBULATORIA PARA MANEJO DEL DOLOR SAN FRANCISCO - RIO PIEDRAS - 97-12-021,Cirugía Ambulatoria,23,Privado - Lucrativo - Corporación,Medicare,"Torre Hospital San Francisco, Ofic. 303, De Diego 369",Teléfono: 787-250-0213,Pueblo: San Juan,,,
CENTRO DE CIRUGIA AMBULATORIA - RIO PIEDRAS - 09-12-019,Cirugía Ambulatoria,11,Privado - No Lucrativo- Otras No Pecuniarias,,"Centro Comercial Reparto Metropolitano, Ave. Américo Miranda",,Pueblo: San Juan,,,
OJOS - CENTRO DE CIRUGIA AMBULATORIA - SANTURCE - 84-12-024,Cirugía Ambulatoria,29,Privado - Lucrativo - Corporación,"Medicare, DEPARTAMENTO DE SALUD","Calle Hipódromo Num. 809, Pda. 20 Santurce",,Pueblo: San Juan,,,
Caribbean Interventional Pain Management Surgical Center - San Juan,Cirugía Ambulatoria,26,Privado - Lucrativo - Corporación,,"Calle Rafael Lamar 524, Esq. Domenech",,Pueblo: San Juan,,,
"Podiatry Center, PSC",Cirugía Ambulatoria,16,Privado - Lucrativo - Corporación,,"Ave. Fernández Juncos 1413, Edif. Podiatric Center",,Pueblo: San Juan,,,
"LAS AMÉRICAS AMBULATORY SURGICENTER, INC. - HATO REY - 85-12-009",Cirugía Ambulatoria,13,Privado - Lucrativo - Corporación,"Medicare, SALUD",Ave. F.D. Roosevelt Núm. 400Edif. Clínica Las Americas Suite 301 San Juan 00919-2115,Teléfono: 787-767-2515,Pueblo: San Juan,,,
CENTRO DE CIRUGIA AMBULATORIA DE SAN SEBASTIAN - SAN SEBASTIAN -95-12-145,Cirugía Ambulatoria,27,Privado - Lucrativo - Corporación,Medicare,"Calle José Méndez Cardona, Núm. 3",Teléfono: 787-896-1850,Pueblo: San Sebastián,,,
ASC SAN JUAN MEDICAL PLAZA,Cirugía Ambulatoria,30,Privado - Lucrativo - Corporación,Medicare,Ave. De Diego 150Esq. Baldorioty,Teléfono: 977-7575,Pueblo: San Juan,,,
CIRUGÍA AMBULATORIA CARIBE MEDICAL PLAZA - VEGA ALTA - 98-12-106,Cirugía Ambulatoria,31,Privado - Lucrativo - Corporación,Medicare / 40C0001017,"Solar 1, Carr. PR 2, Marginal Urb. Santa Rita",Teléfono: 787-270-1345,Pueblo: Vega Alta,,,
INSTITUTO PSICOPEDAGOGICO DE PUERTO RICO - BAYAMON - 02-10-258,Facilidades Medicas para Personas con Discapasidad Intelectual (Retardación mental),1,Privado - No Lucrativo- Otras No Pecuniarias,,"Carr. Núm. 2, Km. 8.5",Teléfono: (787)783-5431,Pueblo: Bayamón,,,
CORPORACION DE SERVICIOS DE SALUD DE ADJUNTAS - ADJUNTAS - 03-06-010,Hospicio,22,Privado - No Lucrativo- Corporación,Medicare,"Calle Rodulfo González 46,",Teléfono: 787-829-2953,Pueblo: Adjuntas,,,
HOSPICIO SAN FRANCISCO - AGUADA - 03-06-004,Hospicio,24,Privado - Lucrativo - Corporación,"Medicare, Medicaid",Calle José de Diego Núm. 1 (frente a la Alcaldía),Teléfono: 787-868-2920,Pueblo: Aguada,,,
"HOSPICIO SANTA RITA, INC. - AGUADA -04-06-014",Hospicio,14,Privado - Lucrativo - Corporación,Medicare,"Carr. 417, Km. 0.7, Ave. Rotario, Bo. Asomante",Teléfono: 787-868-7050,Pueblo: Aguada,,,
MENNONITE HOSPICE - AIBONITO - 03-06-007,Hospicio,15,Privado - No Lucrativo- Corporación,Medicare,"Calle José C. Vázquez, Bo. Caonillas,",Teléfono: 787-735-8001,Pueblo: Aibonito,,,
SERVICIOS DE SALUD EN EL HOGAR Y HOSPICIO SAN LUCAS,Hospicio,39,Privado - No Lucrativo- Iglesia,,"Edif. Caribbean Cinemas 2do. piso, Ofic. 203Carr. Núm. 2 Km. 81.0 Bo. Daniel",Teléfono: 787-880-5517,Pueblo: Arecibo,,,
"HOSPICIO LA PAZ, INC. - ARECIBO 03-06-008",Hospicio,11,Privado - No Lucrativo- Corporación,Medicare,152 Calle Rodríguez Irizarry,Teléfono: 787-879-4733,Pueblo: Arecibo,,,
HOSPICIO LA MONTAÑA - BARRANQUITAS - 04-06-007,Hospicio,4,Privado - No Lucrativo- Corporación,"Medicare, Medicaid, LEY 101","Calle Barceló úm. 53, Carr. Núm. 156, Km. 16.1",Teléfono: 787 869-5500,Pueblo: Barranquitas,,,
"HEALTHKEEPERS HOSPICE, INC. - BAYAMON 03-06-011",Hospicio,28,Privado - Lucrativo - Corporación,Medicare / 40-1555,"Calle 1 B-14, Urb. Santa Cruz",Teléfono: (787) 786-4626,Pueblo: Bayamón,,,
SERVICIOS DE SALUD EN EL HOGAR Y HOSPICIO SAN LUCAS BAYAMON,Hospicio,41,Privado - No Lucrativo- Iglesia,,"Edificio Comercial, Ave. ComeríoCarr. 167 Km. 19.5",Teléfono: 787-799-6740,Pueblo: Bayamón,,,
MED HEALTH HOSPICE CORP. - CABO ROJO - 03-06-028,Hospicio,38,Privado - Lucrativo - Corporación,Medicare,"100 Ave. Pedro Albizu Campos, Edif. Profesional BorinquenCarr. 102 Interior, Local C-5",Teléfono: (787)314-6894,Pueblo: Cabo Rojo,,,
SERVICIOS DE SALUD EN EL HOGAR Y HOSPICIO SAN LUCA,Hospicio,40,Privado - No Lucrativo- Iglesia,Medicare,"Edif. Angora Center, Calle EUrb. Industrial Villa Blanca Bo. Bairoa",Teléfono: 787-743-4835,Pueblo: Caguas,,,
Hospicio La Caridad - Región Este - 03-06-006,Hospicio,16,Privado - Lucrativo - Corporación,Medicare / 40-1538,"Calle 2 Núm. 4GL-15, 4ta. Sección, Urb. Villa del Rey",,Pueblo: Caguas,,,
Hospicio Atención Médica 04-06-010,Hospicio,5,Privado - Lucrativo - Corporación,Medicare / 40-1510,"Carr. 1, Km. 34.9, Bo Bairoa",Teléfono: 787-258-1628,Pueblo: Caguas,,,
"HOSPICIO PLENA SERENIDAD, INC. - CAROLINA - 01-06-154",Hospicio,37,Privado - Lucrativo - Corporación,Medicare,Ave. Roberto Clemente D-10,Teléfono: 787 637-0975,Pueblo: Carolina,,,
Advanced Hospice Services - Región Este - 11-06-078,Hospicio,47,Privado - Lucrativo - Corporación,,"Carr. 869, Calle 19, Km. 2.0Urb. Palmas Industrial, Bo. Palmas",,Pueblo: Cataño,,,
HOSPICIO SENDERO DE LUZ - COMERIO - 03-06-003,Hospicio,25,Privado - Lucrativo - Corporación,"Medicare, Medicaid, DEPARTAMENTO DE SALUD",Calle Georgetti #9 (Altos),Teléfono: 809-875-5701,Pueblo: Comerio,,,
SERVICIOS DE SALUD EN EL HOGAR GEMINIS Y HOSPICIO,Hospicio,35,Privado - Lucrativo - Corporación,Medicare,"Carr. 159, Km. 13.4,Bo. Pueblo",Teléfono: 787-859-5755,Pueblo: Corozal,,,
"CUIDADO CASERO HOSPICE, INC. - SAN JUAN - 04-06-013",Hospicio,6,Privado - No Lucrativo- Corporación,Medicare,"Calle Unión #5, Bajos, Sector Piedras Blancas,Bo. Los Frailes",Teléfono: 787-620-5578,Pueblo: Guaynabo,,,
Grace Hospice of Puerto Rico 05-06-018,Hospicio,23,Gobierno Municipal -Lucrativo - Sociedad,Medicare,"Calle Cabo H. Alverío #563, Ave. Domenech",,Pueblo: San Juan,,,
"SERVICIOS SUPLEMENTARIOS DE SALUD, INC. - HATO REY - 04-06-002",Hospicio,12,Privado - No Lucrativo- Corporación,Medicare,"Ave. Eleonor Roosevelt Núm. 114, 2do. Piso",Teléfono: 787-759-8000,Pueblo: San Juan,,,
"HOSPICIO HOSPITAL RYDER MEMORIAL, INC. - HUMACAO - 03-06-002",Hospicio,18,Privado - Lucrativo - Corporación,"Medicare, JCAHO",317 Font Martelo Ave.,Teléfono: 787-852-2869,Pueblo: Humacao,,,
S & R HOSPICE - ISABELA - 03-06-012,Hospicio,32,Privado - Lucrativo - Corporación,Medicare,"Carr. 2, Km. 111.5, Bo. Arenales",Teléfono: 787-872-5458,Pueblo: Isabela,,,
HOSPICIO EMMANUEL - LARES - 04-06-017,Hospicio,7,Privado - No Lucrativo - Corporación,Medicare,"Carr. 129, Ramal 415, KM. 0.0, Sector Matilde,Bo. Buenos Aires",Teléfono: 809-897-7040,Pueblo: Lares,,,
CAMINO DE LUZ HOSPICE CARE - MANATI - 04-06-008,Hospicio,30,Privado - Lucrativo - Corporación,"Medicare, Medicaid",Barriada Félix Córdova Dávila #13,Teléfono: 787 884-0786,Pueblo: Manatí,,,
HOSPICIO TOQUE DE AMOR - Región Norte- 03-06-007,Hospicio,19,Privado - Lucrativo - Corporación,Medicare,"Urb. San Salvador A-15, Calle Vending - Suite 1",Teléfono: 787-884-3326,Pueblo: Manatí,,,
Quality Care Hospice - Región Sur - 11-06-097,Hospicio,46,Privado - Lucrativo - Corporación,,"Carr. Pr-669, Km. 2.0, Sector Vereda, Bo. Pueblo",,Pueblo: Manatí,,,
HOSPICIO LA FE - REGION METROPOLITANA - 05-06-001,Hospicio,3,Privado - Lucrativo - Corporación,Medicare / 40-1504,"Calle Hernández Carrión J-9, Urb. Atenas",Teléfono: 787 854-3793,Pueblo: Manatí,,,
HOSPICIO DIVINAS MANOS - MANATI (A-05-06-019),Hospicio,29,Privado - Lucrativo - Corporación,Medicare / 40-1564,"Carretera 2, Km. 46.4, Bo. Cotto Norte",Teléfono: 787-884-8423,Pueblo: Manatí,,,
"HOSPICIO SANTA RITA, INC. - MAYAGUEZ - 04-06-004",Hospicio,27,Privado - Lucrativo - Corporación,Medicare / 40-1554,"Edif. Medical Emporium, Suite 210, Carr. 2, Km. 1.59",Teléfono: 787-868-2945,Pueblo: Mayagüez,,,
HOSPICIO AMOR Y TRANQUILIDAD,Hospicio,45,Privado - Lucrativo - Corporación,,Edificio Park PlazaOficina 202 Martínez Nadal 59,Teléfono: 787-464-4766,Pueblo: Mayagüez,,,
WESTERN MEDICAL HOSPICE - MAYAGUEZ - 03-06-009,Hospicio,34,Privado - Lucrativo - Corporación,Medicare,"Edificio M-1537-0-03-02, Calle B, Lote 30 Zona Industrial, Bo. Guanajibo",Teléfono: 787-831-3595,Pueblo: Mayagüez,,,
SERVICIOS DE SALUD EN EL HOGAR Y HOSPICIO SAN LUCAS MAYAGUEZ,Hospicio,10,Privado - No Lucrativo- Iglesia,Medicare,Calle Méndez Vigo Núm. 201 Oeste,Teléfono: 787-833-8240,Pueblo: Mayagüez,,,
HOSPICIO LA MILAGROSA - MOROVIS - 04-06-012,Hospicio,33,Privado - Lucrativo - Corporación,"Medicare, Medicaid","Carretera 633, Barrio Barahona",Teléfono: 787-862-2048,Pueblo: Morovis,,,
HOSPICIO LA PROVIDENCIA - PONCE - 04-06-011,Hospicio,1,Privado - No Lucrativo- Corporación,Medicare,"Ave. Muñoz Rivera #1206, Reparto Universitario,",Teléfono: 787-843-2364,Pueblo: Ponce,,,
"HOSPICIO SAN JUDAS, INC. - REGIÓN SUR - 04-06-005",Hospicio,26,Privado - Lucrativo - Corporación,Medicare,Calle Luna Núm. 4836,Teléfono: 787-840-8356,Pueblo: Ponce,,,
"HOSPICIO LA GUADALUPE, INC. - REGIÓN SUR - 04-06-016",Hospicio,21,Privado - No Lucrativo- Corporación,"Medicare, Medicaid","Carretera 14, Anexo Hospital Andrés Grillasca",Teléfono: 787 259-8210,Pueblo: Ponce,,,
HOSPICIO SAN LUCAS - PONCE - 03-06-005,Hospicio,13,Privado - No Lucrativo- Iglesia,"Medicare, Medicaid",291 Calle Monterrey,Teléfono: 787-843-4185,Pueblo: Ponce,,,
HOSPICIO EL NUEVO AMANECER - 04-06-009 - RIO GRANDE,Hospicio,17,Privado - Lucrativo - Corporación,Medicare,"Calle B, AA, Marginal Alturas de Río Grande",Teléfono: 787-888-7700,Pueblo: Río Grande,,,
CARIBBEAN HOSPICE CORPORATION - RIO PIEDRAS - 04-06-006,Hospicio,1,Privado - Lucrativo - Corporación,"Medicare, Medicaid, DEPTO DE SALUD DE PR (LEY 101)","Ave. Winston Churchill 153, Urb. Crown Hills",Teléfono: (809) 764-6555,Pueblo: San Juan,,,
The Millennium Institute for Advanced Nursing Care 11-06-072,Hospicio,44,Privado - Lucrativo - Corporación,Medicare,"Calle Cosme, Reparto San Lucas Entrada Sector Canejas",Teléfono: 787-708-0138,Pueblo: San Juan,,,
"DIVINA PRESENCIA HOSPICE, INC. - RIO PIEDRAS - 04-06-001",Hospicio,20,Privado - No Lucrativo- Corporación,"Medicare, JCAHO / 40-1547",Calle 27 SO #876 - Esq. Américo Miranda Urb. Las Lomas,Teléfono: 787-755-8000,Pueblo: San Juan,,,
"HOSPICIO LA MONSERRATE, INC.",Hospicio,48,Privado - No Lucrativo- Corporación,,AVENIDA QUINLICHI #14,Teléfono: (787)873-5998,Pueblo: Sabana Grande,,,
"HOSPICIO DEL OESTE, INC. - SAN GERMAN- 04-06-015",Hospicio,8,Privado - Lucrativo - Corporación,Medicare Medicaid,"Carr. PR- 2, Km. 170.9",Teléfono: 787-892-1820,Pueblo: San Germán,,,
CONDADO HOSPICE PROGRAM - HATO REY - 04-06-003,Hospicio,9,Privado - Lucrativo - Corporación,Medicare / 40-1521,Calle Juan P. Duarte Núm. 186 (altos/este),Teléfono: 787-758-4310,Pueblo: San Juan,,,
SERVICIOS DE SALUD EN EL HOGAR Y HOSPICIO SAN LUCAS TRUJILLO ALTO,Hospicio,42,Privado - No Lucrativo- Iglesia,Medicare / 40-1530,"Western Auto Plaza, Expreso Trujillo AltoBo. Las Cuevas",Teléfono: 787-833-8240,Pueblo: Trujillo Alto,,,
VEGA ALTA HOSPICE CARE - VEGA ALTA- 02-06-051,Hospicio,36,Privado - Lucrativo - Corporación,Medicare,PO Box 459,Teléfono: 787-270-4838,Pueblo: Vega Alta,,,
"HOSPICIO DIVINA MISERICORDIA, CORP.",Hospicio,43,Privado - Lucrativo - Corporación,,Ave. Muñoz Rivera #41,Teléfono: 787-516-3107,Pueblo: Vega Alta,,,
HOSPICIO DIVINO SALVADOR - VEGA BAJA - 03-06-001,Hospicio,31,Privado - Lucrativo - Corporación,Medicare,"Carr. 2, Km. 40.2, Plaza Jardines",Teléfono: 787-855-0411,Pueblo: Vega Baja,,,
"HOSPITAL COMUNITARIO BUEN SAMARITANO, INC. - AGUADILLA - 92-07-040",Hospital,1,Privado - No Lucrativo- Corporación,"Medicare, JCAHO / 40-0079","Carr. 111, Bo. Camaseyes",Teléfono: 787-658-0000,Pueblo: Aguadilla,,230,161
HOSPITAL GENERAL MENONITA -AIBONITO - 97-07-037,Hospital,31,Privado - No Lucrativo- Corporación,"Medicare, JCAHO / 40-0018","Calle José C. Vázquez, Bo. Caonillas",Teléfono: 787-735-8001,Pueblo: Aibonito,,150,150
HOSPITAL PAVIA ARECIBO - 94-07-161,Hospital,2,Privado - No Lucrativo- Corporación,"Medicare, JCAHO / 40-0087","Carr. 129 Ave. San Luis, Km. 0.7",Teléfono: 787-650-7272,Pueblo: Arecibo,,230,198
HOSPITAL LAFAYETTE,Hospital,34,Privado - Lucrativo- Corporación,Medicare / 40-0026,Carr. Núm. 753 Sector Cuatro Calles,Teléfono: 787-839-3232,Pueblo: Arroyo,,66,38
DOCTORS CENTER HOSPITAL - BAYAMON,Hospital,66,Privado - Lucrativo- Corporación,Medicare,"Calle J-9, Extensión Hermanos Dávila",Teléfono: 787-622-5420,Pueblo: Bayamón,,134,134
HOSPITAL HERMANOS MELENDEZ -BAYAMON,Hospital,35,Privado - Lucrativo- Corporación,"Medicare, JCAHO / 40-0032","Carr. Núm. 2, Km. 11.7",Teléfono: 787-620-8181,Pueblo: Bayamón,,274,274
CENTRO MEDICO CORRECCIONAL DE BAYAMON,Hospital,33,Gobierno Estatal,,Complejo Correccional de BayamónCarretera PR 28,Teléfono: 787-758-8019,Pueblo: Bayamón,,89,89
HOSPITAL HIMA SAN PABLO - BAYAMON,Hospital,12,Privado - Lucrativo -Corporación,"Medicare, JCAHO / 40-0109","Calle Santa Cruz Núm. 70, Urb. Santa Cruz",Teléfono: 787 620-4762,Pueblo: Bayamón,,436,419
HOSPITAL UNIVERSITARIO DR. RAMÓN,Hospital,8,Gobierno Estatal,"Medicare, JCAHO / 40-0105","Ave. Laurel #100, Urb. Santa Juanita",Teléfono: 787-787-0179,Pueblo: Bayamón,,415,102
"PUERTO RICO CHILDREN''S HOSPITAL, INC. BAYAMON",Hospital,28,Privado - Lucrativo -Corporación,JCAHO,Carr. 2 Km. 11.9 Barrio Pájaros,Teléfono: 787-447-1378,Pueblo: Bayamón,,127,127
HOSPITAL PSIQUIÁTRICO DE CABO ROJO - CABO ROJO - 99-07-102,Hospital,70,Privado - Lucrativo -Corporación,"Medicare, JCAHO / 40-4007",Ave. Muñoz Rivera 108,Teléfono: 787-851-2025,Pueblo: Cabo Rojo,,80,43
HOSPITAL DR. EDUARDO GARRIDO MORALES,Hospital,7,Gobierno Estatal,"Medicare, JCAHO / 40-0104","Carr. pr-172, Caguas a Cidra",Teléfono: 787-653-0550,Pueblo: Caguas,,373,120
HOSPITAL HIMA . SAN PABLO - CAGUAS -95-07-100,Hospital,13,Privado - Lucrativo -Corporación,"Medicare, JCAHO / 40-0120","Ave. Luis Muñoz Marín, Urb. Mariolga",Teléfono: 787-653-1796,Pueblo: Caguas,,440,415
HOSPITAL UPR - CAROLINA - 90-07-079,Hospital,14,Gobierno Estatal -No Lucrativo -Corporación,"Medicare, JCAHO / 40012","Ave. 65 de Infantería, Km. 8.3",Teléfono: 787-757-1800,Pueblo: Carolina,,250,230
HOSPITAL GENERAL MENONITA CAYEY,Hospital,37,Privado - No Lucrativo -Corporación,"Medicare, JCAHO / 40-0013",BO. RINCON SECTOR LOMAS,Teléfono: 787-535-1001,Pueblo: Cayey,,262,262
FIRST HOSPITAL PANAMERICANO -CIDRA - 79-07-061,Hospital,16,Privado - Lucrativo -Corporación,"Medicare, JCAHO / 40-4004","Km. 1.4, Carr. Núm. 187",Teléfono: 787-739-5555,Pueblo: Cidra,,165,165
CARIBBEAN MEDICAL CENTER -,Hospital,18,Privado - Lucrativo -Corporación,,Ave. Osvaldo Molina 151,Teléfono: 787-801-0081,Pueblo: Fajardo,,45,45
HOSPITAL HIMA SAN PABLO-FAJARDO -FAJARDO - 78-07-090,Hospital,4,Privado - Lucrativo -Corporación,"Medicare, JCAHO / 40-4029",Ave. General Valero 404,Teléfono: 787-863-0505,Pueblo: Fajardo,,180,152
HOSPITAL EPISCOPAL SAN LUCAS GUAYAMA - GUAYAMA - 94-07-089,Hospital,15,Privado - No Lucrativo -Corporación,"Medicare, JCAHO / 40-4048","Ave. Pedro Albizu Campos, Urb. La Hacienda",Teléfono: 787-686-0062,Pueblo: Guayama,,161,115
HOSPITAL SANTA ROSA - GUAYAMA -94-07-113,Hospital,39,Privado - No Lucrativo- Corporación,"Medicare, LEY 101 HOSPITALES DE PR / 40-0009",Bo. Machete,Teléfono: 787-864-0101,Pueblo: Guayama,,99,89
PROFESSIONAL HOSPITAL - GUAYNABO -,Hospital,58,Privado - Lucrativo -Corporación,Medicare,Ave. las Cumbres,Teléfono: (787)602-1500,Pueblo: Guaynabo,,54,54
HOSPITAL DEL MAESTRO - HATO REY -81-07-039,Hospital,42,Privado - No Lucrativo- Corporación,"Medicare, JCAHO ",Calle Sergio Cuevas Bustamante #55,Teléfono: 787-758-8383,Pueblo: San Juan,,255,178
HOSPITAL HIMA DE HUMACAO,Hospital,43,Privado - Lucrativo -Corporación,"Medicare, JCAHO / 40-0005",Calle Font Martelo Núm.3,Teléfono: 787-656-2424,Pueblo: Humacao,,105,64
HOSPITAL RYDER MEMORIAL -HUMACAO - 96-07-087,Hospital,45,Privado - No Lucrativo- Corporación,Medicare,Font Martelo 317,Teléfono: 787-852-0768,Pueblo: Humacao,,173,165
HOSPITAL ORIENTE,Hospital,44,Privado - Lucrativo -Corporación,Medicare,Ave. Font Martelo 300,Teléfono: 787-852-0505,Pueblo: Humacao,,71,71
"HOSPITAL GENERAL CASTAÑER, INC. -LARES - 83-07-021",Hospital,46,Privado - No Lucrativo- Corporación,"Medicare, Medicaid","Carr. 135, Km. 64.2, Castañer",Teléfono: 787-829-5010,Pueblo: Lares,,33,24
MANATI MEDICAL CENTER DR. OTERO LOPEZ - MANATI (99-07-134),Hospital,19,Privado - Lucrativo -Corporación,"Medicare, JCAHO / 40-0114","Calle Hernández Carrión, Núm. Urb. Atenas",Teléfono: 787-621-3700,Pueblo: Manatí,,278,239
DOCTORS' CENTER HOSPITAL - MANATI -00-07-058,Hospital,47,Privado - Lucrativo -Corporación,Medicare,"Carretera 2, Km. 47.7",Teléfono: 787 854-3322,Pueblo: Manatí,,250,250
HEALTHSOUTH REHABILITATION HOSPITAL OF MANATI - MANATI - 03-07-013,Hospital,11,Gobierno Municipal - No Lucrativo - Unión Obrera,Medicare / 40-3026,"Hospital Doctors Center, Carr. Estatal PR 2, Km. 47.7,",,Pueblo: Manatí,,40,40
HOSPITAL BELLA VISTA - MAYAGUEZ -83-07-003,Hospital,50,Privado - Lucrativo -Corporación,"Medicare,JCAHO / 40-0014","Carr. 349, Km. 2.9, Cerro Las Mesas",Teléfono: 787-834-6000,Pueblo: Mayagüez,,224,182
HOSPITAL PEREA MAYAGUEZ,Hospital,49,Privado - Lucrativo -Corporación,Medicare / 40-0123,Barsora Núm. 15,Teléfono: 787-834-0101,Pueblo: Mayagüez,,153,116
HOSPITAL SAN ANTONIO - MAYAGUEZ -94-07-057,Hospital,29,Gobierno Municipal - Lucrativo -Corporación,"Medicare, LEY 101",Calle Dr. Ramón Emeterio Betances 18 Norte,Teléfono: 787-834-0050,Pueblo: Mayagüez,,75,71
HOSPITAL DR.RAMON E. BETANCES -MAYAGUEZ - 80-07-113,Hospital,6,Privado - Lucrativo -Corporación,"Medicare, JCAHO / 40-0103","Bo. Sábalos, Carr. Núm. 2, Km. 15.7",Teléfono: 787-265-3900,Pueblo: Mayagüez,,391,189
HOSPITAL SAN CARLOS BORROMEO -MOCA - 93-07-006,Hospital,20,Privado - No Lucrativo -Corporación,Medicare / 40-0111,Moca,Teléfono: 787-877-8000,Pueblo: Moca,,108,106
HOSPITAL DAMAS - PONCE -97-07-136,Hospital,53,Privado - No Lucrativo -Corporación,"Medicare, JCAHO ",2213 Ponce by Pass,Teléfono: 787-840-8686,Pueblo: Ponce,,331,259
HOSPITAL DR. PILA - PONCE - 97-07-069,Hospital,52,Privado - Lucrativo -Corporación,"Medicare, JCAHO / 40-0003",Ave. Las Américas,Teléfono: 787-848-5600,Pueblo: Ponce,,183,167
HOSPITAL DE PSIQUIATRIA FORENSE -PONCE - 94-07-067,Hospital,27,Gobierno Estatal,Medicaid,"Carr. 14, Centro Médico de Ponce",Teléfono: 787-844-0210,Pueblo: Ponce,,125,150
HOSPITAL SAN LUCAS I - PONCE -94-07-155,Hospital,54,Privado - Lucrativo -Corporación,"Medicare, JCAHO / 40-0002",Calle Guadalupe Final,Teléfono: 787-840-4545,Pueblo: Ponce,,30,30
HOSPITAL SAN CRISTOBAL - PONCE -91-07-088,Hospital,17,Privado - Lucrativo -Corporación,Medicare,"Carr. 506, Bo. Coto Laurel",Teléfono: 787-848-2100,Pueblo: Ponce,,138,138
HOSPITAL EPISCOPAL SAN LUCAS II -PONCE,Hospital,5,Privado - No Lucrativo -Corporación,"Medicare, JCAHO",Carr. 14 Bo. Machuelo,Teléfono: 787-844-2080,Pueblo: Ponce,,427,334
HOSPITAL METROPOLITANO - RIO PIEDRAS,Hospital,67,Privado - Lucrativo -Corporación,"Medicare,Medicaid, JCAHO",Carr. 21 Núm. 1785 Las Lomas,Teléfono: 787-782-9999,Pueblo: San Juan,,180,132
MARCANO AMBULATORY CLINIC,Sala de Emergencias,5,Privado - Lucrativo - Corporación,,Calle Ariosto Cruz #115,Teléfono: 878-3151,Pueblo: Arecibo,,,
HOSPITAL DE PSIQUIATRÍA DR. RAMÓN FERNÁNDEZ MARINA - 94-07-134,Hospital,9,Gobierno Estatal,"Medicare, JCAHO / 40-4006",Bo. Monacillo,Teléfono: 787-766-4646,Pueblo: San Juan,,200,121
HOSPITAL INDUSTRIAL - RIO PIEDRAS -87-07-211,Hospital,25,Gobierno Estatal,DEPARTAMENTO DE SALUD,Centro Médico,Teléfono: 787-754-2525,Pueblo: San Juan,,271,76
HOSPITAL SAN JUAN CAPESTRANO - SAN JUAN,Hospital,55,Privado - Lucrativo -Corporación,"Medicare, JCAHO, ASSMCA / 40-4006","Carr. Estatal 877, Km. 1.6, Camino Las Lomas",Teléfono: 787-625-2900,Pueblo: San Juan,,208,108
HOSPITAL MUNICIPAL DE SAN JUAN -SAN JUAN - 83-11-009,Hospital,30,Gobierno Municipal,"Medicare, JCAHO / 40-4015",Centro Médico de Puerto Rico,Teléfono: 787-756-8535,Pueblo: San Juan,,450,186
HOSPITAL SAN FRANCISCO - RIO PIEDRAS - 95-07-053,Hospital,56,Privado - Lucrativo -Corporación,"Medicare, JCAHO / 40-4098",Ave. De Diego Núm. 371,Teléfono: 787-767-5100,Pueblo: San Juan,,160,148
Healthsouth Rehabilitation Hospital of San Juan - Río Piedras - 89-07-095,Hospital,38,Privado - Lucrativo - Corporación,Medicare,"Tercer Piso, Hospital Universitario, Centro Médico",,Pueblo: San Juan,,32,32
HOSPITAL CUIDADO AGUDO ESPECIALIZADO EN PACIENTES POLITRAUMATIZADOS - RÍO PIEDRAS - 88-08-056,Hospital,59,Gobierno Estatal,"Medicare, Medicaid, JCAHO","Ala Norte, Hospital Industrial, Bo. Monacillos Centro Médico",Teléfono: 787-777-3535,Pueblo: San Juan,,92,92
CENTRO CARDIOVASCULAR DE PUERTO RICO Y EL CARIBE,Hospital,36,Gobierno Estatal,"Medicare, JCAHO / 40-0124",Terrenos del Centro Médico,Teléfono: 787-754-8500,Pueblo: San Juan,,202,154
HOSPITAL ONCOLÓGICO RÍO PIEDRAS,Hospital,65,Privado - No Lucrativo - Corporación,"Medicare, JCAHO / 40-0012",Bo. Monacillos Centro Médico,Teléfono: 787-765-2382,Pueblo: San Juan,,143,52
HOSPITAL UNIVERSITARIO - RIO PIEDRAS - 82-07-121,Hospital,3,Gobierno Estatal,"Medicare, JCAHO / 40-0061",Centro Médico,Teléfono: 787-764-0101,Pueblo: San Juan,,390,253
HOSPITAL DE PSIQUIATRÍA FORENSE DE RIO PIEDRAS- RIO PIEDRAS - 82-07-045,Hospital,62,Gobierno Estatal - No Lucrativo - Otras No Pecuniarias,,Centro Médico,Teléfono: 787 767-0110,Pueblo: San Juan,,54,54
HOSPITAL PEDIATRICO UNIVERSITARIO - RIO PIEDRAS - 78-07-092,Hospital,40,Gobierno Estatal,"Medicare, JCAHO, ""Joint Comission""  / 40-3301",Centro Médico,Teléfono: 787-777-3535,Pueblo: San Juan,,215,165
HIMA SAN PABLO CUPEY,Hospital,68,Privado - Lucrativo - Corporación,Medicare,"CARR. NUM. 844, KM. 0.5CUPEY BAJO",Teléfono: 787-761-8383,Pueblo: San Juan,,,
HOSPITAL METROPOLITANO DE SAN GERMAN - SAN GERMAN - 00-07-018,Hospital,22,Privado - Lucrativo - Corporación,Medicare / 40-0126,Calle Javilla,Teléfono: 787-892-4242,Pueblo: San Germán,,82,82
HOSPITAL DE LA CONCEPCION - SAN GERMAN - 88-07-217,Hospital,57,Privado - Lucrativo - Corporación,"Medicare, JCAHO / 40-0021","Carr. Estatal Núm. 2, Km. 174.3",Teléfono: 787-892-1860,Pueblo: San Germán,,187,174
HOSPITAL PAVIA SANTURCE - SANTURCE- 97-07-020,Hospital,60,Privado - Lucrativo - Corporación,"Medicare, JCAHO / 40-0019","Calle Profesor Augusto Rodríguez 1462, Santurce",Teléfono: 787-641-2038,Pueblo: San Juan,,247,193
ASHFORD PRESBYTERIAN COMMUNITY HOSPITAL - SANTURCE - 04-03-046,Hospital,61,Privado - No Lucrativo - Corporación,"Medicare, JCAHO / 40-0001","Ave. Ashford 1451, Santurce Santurce",Teléfono: 787-721-2160,Pueblo: San Juan,,207,191
HOSPITAL AUXILIO MUTUO - HATO REY - 88-07-221,Hospital,41,Privado - Lucrativo - Corporación,"Medicare, JCAHO, ASHI-16-12-13 / 40-0016","Ave. Ponce de León Parada 37 1/2, Hato Rey",Teléfono: 787-758-2000,Pueblo: San Juan,,653,533
HOSPITAL DE NIÑOS SAN JORGE -SANTURCE - 95-07-013,Hospital,64,Privado - Lucrativo - Corporación,"Medicare, JCAHO","Calle San Jorge Núm. 258, Santurce",Teléfono: 787-727-1000,Pueblo: San Juan,,167,147
HOSPITAL PAVÍA - HATO REY - 00-07-137,Hospital,71,Privado - Lucrativo - Corporación,"Medicare, JCAHO / 40-1228","Ave. Ponce de León Núm. 435, Hato Rey",Teléfono: 787-754-0909,Pueblo: San Juan,,242,160
DOCTORS CENTER HOSPITAL SAN JUAN -SANTURCE - 93-07-102,Hospital,63,Privado - Lucrativo - Corporación,Medicare / 40-0006,"Calle San Rafael 1395, Parada 20",,Pueblo: San Juan,,154,125
HOSPITAL METROPOLITANO DE LA MONTAÑA - UTUADO - 05-07-152,Hospital,23,Privado - Lucrativo - Corporación,Medicare,Calle Isaac González,,Pueblo: Utuado,,90,53
"INSTITUTO MEDICO DEL NORTE, INC. D/B/A CENTRO MEDICO WILMA N. VAZQUEZ - VEGA BAJA - 81-07-025",Hospital,69,Privado - Lucrativo - Corporación,Medicare / 40-0115,"Carr. Núm. 2, Km. 39.5,",Teléfono: 787-858-1580,Pueblo: Vega Baja,,130,110
CENTRO DE SALUD FAMILI AR SUSANA CENTENO,Hospital,24,Gobierno Municipal,Medicare,"Carr 997 Km. 1.0, Barrio Destino",Teléfono: 787-741-0392,Pueblo: Vieques,,2,2
HOSPITAL PAVIA YAUCO 80-07-120,Hospital,26,Privado - Lucrativo - Corporación,"Medicare, JCAHO / 40-0110","Carr. 128, Km. 1.0",Teléfono: 787-856-1000,Pueblo: Yauco,,105,105
SALA DE EMERGENCIA - CENTRO DE SALUD FAMILIAR DE A,Sala de Emergencias,11,Gobierno Estatal,,Calle Defendini #4,Teléfono: 787-829-2860,Pueblo: Adjuntas,,,
SALA DE EMERGENCIAS BARRAZAS,Sala de Emergencias,7,Gobierno Municipal,,CARR. PR 853 KM 11.7BO. BARRAZAS,,Pueblo: Carolina,,,
MANAGEMENT INTEGRATED SOLUTIONS,Sala de Emergencias,15,Gobierno Estatal - Lucrativo - Corporación,,Calle Antonio Alcazar Núm. 27,Teléfono: 279-1278,Pueblo: Florida,,,
SALA DE EMERGENCIA - CDT LOIZA,Sala de Emergencias,2,Gobierno Estatal,,"Carr. 188, Km. 5, Hm. 6",Teléfono: 876-2245,Pueblo: Loíza,,,
SALA DE EMERGENCIA CSF PATILLAS,Sala de Emergencias,1,Gobierno Estatal,,"Calle Riekfol, Salida hacia Maunabo",Teléfono: 787-838-4320,Pueblo: Patillas,,,
CENTRO SAN CRISTOBAL COTO LAUREL,Sala de Emergencias,3,Privado - Lucrativo - Corporación,,CARR. PR. 14 AVE. CENTRALCOTO LAUREL,Teléfono: (787)842-7856,Pueblo: Ponce,,,
SALA DE URGENCIA PSIQUIATRICA SALA ESTABILIZACION,Sala de Emergencias,16,Privado - Lucrativo - Corporación,,Ponce By Pass Carr. PR 2 Km. 23.8,Teléfono: 787-689-6012,Pueblo: Ponce,,,
FAMILY HEALTH GROUP SAN SEBASTIAN,Sala de Emergencias,4,Privado - Lucrativo - Corporación,"Medicare, Medicaid, RENOVACION FIRST COST",Ave. Emerito EstradaRivera Núm. 901,Teléfono: 787-280-3074,Pueblo: San Sebastián,,,
CENTRO DE MEDICINA PRIMARIA DE VEGA ALTA,Sala de Emergencias,14,Gobierno Municipal - Lucrativo - Corporación,,Calle Luis Muñoz Rivera #3,Teléfono: 787-883-0124,Pueblo: Vega Alta,,,
SERV. INTEGRADOS DE REH. DEL OESTE,Unidad de Cuidado Prolongado,6,Privado - Lucrativo - Corporación,Medicare,"CARR. 344, KM. 0.7 INTERIOR",Teléfono: 787-849-2179,Pueblo: Hormigueros,,,
SNF CASA DEL VETERANO - JUANA DIAZ - 97-08-045,Unidad de Cuidado Prolongado,9,Privado - Lucrativo - Corporación,,"Bo. Amuelas Núm. 115, Carr. 592, Km. 5.6",Teléfono: (787)758-5760,Pueblo: Juana Díaz,,,
HOSPITAL DAMAS SKILLED NURSING FACILITY - PONCE - 87-08-091,Unidad de Cuidado Prolongado,3,Privado - No Lucrativo - Corporación,"Medicare, Medicaid, JCAHO / 40-5023",Ponce By Pass,Teléfono: (787)840-8686,Pueblo: Ponce,,,
HOSPITAL SAN GERARDO RIO PIEDRAS,Unidad de Cuidado Prolongado,5,Privado - Lucrativo - Corporación,"Medicare, LEY 101 - DEPARTAMENTO DE SALUD","Carretera 844, Km. 0.5, Cupey Bajo",Teléfono: 787-761-8383,Pueblo: San Juan,,,
CENTRO MEDICO WILMA N. VAZQUEZ - VEGA BAJA - 87-08-199,Unidad de Cuidado Prolongado,4,Privado - Lucrativo - Corporación,Medicare / 40-5025,"Carr. Núm. 2, Km. 39.5",Teléfono: (787)858-2580,Pueblo: Vega Baja,,,
FUNDACION MODESTO GOTAY,Facilidades Medicas para Personas con Retardación mental (Retardación mental),3,Privado - No Lucrativo- Corporación,DEPARTAMENTO DE SALUD,"KM. 4.6 CARR.876BO, LAS CUEVAS",Teléfono: 787-761-6244,Pueblo: Trujillo Alto,,,
